sub_num,trial,block,task,is_practice,category,image,texture,duration,mask_dur,jitter,stim_time,time_of_resp,trial_response,mask_time,fix_time,jit_onset,trial_end,trial_accuracy,RT
102,1,0,familiarity,1,bathroom,bathroom_practice1.tif,221,1.5,0,0.916666666666667,18837.6082025,18841.457042541,7,NaN,18841.463022583,18841.481494625,18842.391499625,NaN,NaN
102,2,0,familiarity,1,bathroom,bathroom_practice2.tif,222,1.5,0,0.85,18842.408354791,18845.236455875,1,NaN,18845.26544675,18845.287870083,18846.1312085,NaN,NaN
102,3,0,familiarity,1,bathroom,bathroom_practice3.tif,223,1.5,0,0.883333333333333,18846.135903166,18849.289176916,7,NaN,18849.299022,18849.318048458,18850.194719208,NaN,NaN
102,4,0,familiarity,1,bathroom,bathroom_practice5.tif,225,1.5,0,1.43333333333333,18850.199445291,18854.576629708,6,NaN,18854.582540791,18854.600836416,18856.027541666,NaN,NaN
102,5,0,familiarity,1,bathroom,bathroom_practice4.tif,224,1.5,0,1.53333333333333,18856.044584041,18860.576777291,5,NaN,18860.582445208,18860.60080025,18862.127499083,NaN,NaN
