sub_num,trial,block,task,is_practice,category,image,texture,duration,mask_dur,jitter,stim_time,time_of_resp,trial_response,mask_time,fix_time,jit_onset,trial_end,trial_accuracy,RT
124,1,0,usability,1,bathroom,bathroom_practice3.tif,223,1.5,0,0.983333333333333,6313.527669542,6319.88977275,2,NaN,6319.896019,6319.915047583,6320.891773958,NaN,NaN
124,2,0,usability,1,bathroom,bathroom_practice4.tif,224,1.5,0,1.78333333333333,6320.896682042,6324.960959,6,NaN,6324.967048,6324.985496458,6326.762353417,NaN,NaN
124,3,0,usability,1,bathroom,bathroom_practice5.tif,225,1.5,0,1.78333333333333,6326.78142825,6330.481728125,5,NaN,6330.487099333,6330.505504125,6332.282218875,NaN,NaN
124,4,0,usability,1,bathroom,bathroom_practice2.tif,222,1.5,0,1.26666666666667,6332.301920875,6338.809766583,5,NaN,6338.815252958,6338.8334815,6340.093540292,NaN,NaN
124,5,0,usability,1,bathroom,bathroom_practice1.tif,221,1.5,0,1.05,6340.111995625,6343.689387583,6,NaN,6343.695075833,6343.713594458,6344.756961333,NaN,NaN
