sub_num,trial,block,task,is_practice,category,image,texture,duration,mask_dur,jitter,stim_time,time_of_resp,trial_response,mask_time,fix_time,jit_onset,trial_end,trial_accuracy,RT
120,6,0,typicality,1,kitchen,kitchen_practice2.tif,227,1.5,0,0.966666666666667,1490272.5610903,1490276.8038196,54,NaN,1490274.0684422,1490276.8154489,1490277.7806051,NaN,NaN
120,7,0,typicality,1,kitchen,kitchen_practice5.tif,230,1.5,0,1.58333333333333,1490277.792266,1490279.9790206,54,NaN,1490279.2968975,1490279.9864011,1490281.5680757,NaN,NaN
120,8,0,typicality,1,kitchen,kitchen_practice1.tif,226,1.5,0,1.03333333333333,1490281.5772749,1490283.3251202,51,NaN,1490283.0858384,1490283.3326655,1490284.3643408,NaN,NaN
120,9,0,typicality,1,kitchen,kitchen_practice4.tif,229,1.5,0,1.68333333333333,1490284.371971,1490286.707852,52,NaN,1490285.8755712,1490286.7146344,1490288.3963404,NaN,NaN
120,10,0,typicality,1,kitchen,kitchen_practice3.tif,228,1.5,0,1.45,1490288.405803,1490290.4126329,54,NaN,1490289.909558,1490290.4190525,1490291.8673911,NaN,NaN
