sub_num,trial,block,task,is_practice,category,image,texture,duration,mask_dur,jitter,stim_time,time_of_resp,trial_response,mask_time,fix_time,jit_onset,trial_end,trial_accuracy,RT
120,1,0,typicality,1,bathroom,bathroom_practice2.tif,222,1.5,0,1.48333333333333,1492568.0774543,1492569.8504285,50,NaN,1492569.5863669,1492569.8645737,1492571.3463856,NaN,NaN
120,2,0,typicality,1,bathroom,bathroom_practice4.tif,224,1.5,0,0.75,1492571.3613631,1492573.2527877,52,NaN,1492572.8675093,1492573.2624591,1492574.0107973,NaN,NaN
120,3,0,typicality,1,bathroom,bathroom_practice1.tif,221,1.5,0,1.93333333333333,1492574.021253,1492575.5317812,54,NaN,1492575.5314504,1492575.5574365,1492577.4891125,NaN,NaN
120,4,0,typicality,1,bathroom,bathroom_practice5.tif,225,1.5,0,0.983333333333333,1492577.4984831,1492579.4371633,52,NaN,1492579.0041934,1492579.4463595,1492580.4280346,NaN,NaN
120,5,0,typicality,1,bathroom,bathroom_practice3.tif,223,1.5,0,0.883333333333333,1492580.4390063,1492582.1850404,51,NaN,1492581.9435617,1492582.1943315,1492583.0760172,NaN,NaN
