sub_num,trial,block,task,is_practice,category,image,texture,duration,mask_dur,jitter,stim_time,time_of_resp,trial_response,mask_time,fix_time,jit_onset,trial_end,trial_accuracy,RT
119,6,0,complexity,1,kitchen,kitchen_practice5.tif,230,1.5,0,1.46666666666667,10232.98766825,10239.650321667,2,NaN,10239.655874917,10239.674490958,10241.134575542,NaN,NaN
119,7,0,complexity,1,kitchen,kitchen_practice2.tif,227,1.5,0,1.31666666666667,10241.150693583,10244.905344042,5,NaN,10244.911529375,10244.92992475,10246.240013458,NaN,NaN
119,8,0,complexity,1,kitchen,kitchen_practice4.tif,229,1.5,0,1.76666666666667,10246.255594458,10249.153631667,6,NaN,10249.159537208,10249.178017458,10250.938106833,NaN,NaN
119,9,0,complexity,1,kitchen,kitchen_practice1.tif,226,1.5,0,0.816666666666667,10250.955317417,10254.002628917,6,NaN,10254.026110042,10254.047174292,10254.857183458,NaN,NaN
119,10,0,complexity,1,kitchen,kitchen_practice3.tif,228,1.5,0,0.9,10254.862244625,10257.937196,5,NaN,10257.955195792,10257.97540825,10258.868749583,NaN,NaN
