sub_num,trial,block,task,is_practice,category,image,texture,duration,mask_dur,jitter,stim_time,time_of_resp,trial_response,mask_time,fix_time,jit_onset,trial_end,trial_accuracy,RT
117,1,0,complexity,1,bathroom,bathroom_practice3.tif,223,1.5,0,1.56666666666667,2156.055889625,2160.722394916,4,NaN,2160.728084125,2160.74648875,2162.306705625,NaN,NaN
117,2,0,complexity,1,bathroom,bathroom_practice5.tif,225,1.5,0,1.1,2162.325449833,2165.322030375,5,NaN,2165.32737,2165.345957833,2166.439326875,NaN,NaN
117,3,0,complexity,1,bathroom,bathroom_practice2.tif,222,1.5,0,1.51666666666667,2166.4481515,2169.002417541,7,NaN,2169.007649916,2169.026019208,2170.536059916,NaN,NaN
117,4,0,complexity,1,bathroom,bathroom_practice4.tif,224,1.5,0,1.15,2170.555537833,2173.39387775,3,NaN,2173.399345916,2173.417772666,2174.561150958,NaN,NaN
117,5,0,complexity,1,bathroom,bathroom_practice1.tif,221,1.5,0,1.26666666666667,2174.570084916,2179.050603,3,NaN,2179.055791375,2179.074221208,2180.334261416,NaN,NaN
