sub_num,trial,block,task,is_practice,category,image,texture,duration,mask_dur,jitter,stim_time,time_of_resp,trial_response,mask_time,fix_time,jit_onset,trial_end,trial_accuracy,RT
119,5,0,familiarity,1,kitchen,kitchen_practice3.tif,227,1.5,0,0.883333333333333,1500929.1349321,1500932.8774906,51,NaN,1500930.6445394,1500932.8912267,1500933.7729341,NaN,3.74255850003101
119,6,0,familiarity,1,kitchen,kitchen_practice4.tif,228,1.5,0,1.43333333333333,1500933.7857683,1500937.349122,51,NaN,1500935.2914282,1500937.3587038,1500938.7904299,NaN,3.56335369986482
119,7,0,familiarity,1,kitchen,kitchen_practice2.tif,226,1.5,0,1.53333333333333,1500938.8016501,1500948.3729751,52,NaN,1500940.312002,1500948.382382,1500949.914103,NaN,9.57132500014268
119,8,0,familiarity,1,kitchen,kitchen_practice1.tif,225,1.5,0,0.733333333333333,1500949.9234133,1500953.4713927,52,NaN,1500951.4291727,1500953.480749,1500954.2124654,NaN,3.54797940002754
119,9,0,familiarity,1,kitchen,kitchen_practice5.tif,229,1.5,0,1.3,1500954.2240522,1500961.779111,52,NaN,1500955.7287765,1500961.789553,1500963.0880322,NaN,7.55505879991688
