sub_num,trial,block,task,is_practice,category,image,texture,duration,mask_dur,jitter,stim_time,time_of_resp,trial_response,mask_time,fix_time,jit_onset,trial_end,trial_accuracy,RT
137,6,0,usability,1,kitchen,kitchen_practice2.tif,227,1.5,0,1.13333333333333,3414.490064541,3419.270311958,2,NaN,3419.275683708,3419.294089666,3420.420804791,NaN,NaN
137,7,0,usability,1,kitchen,kitchen_practice3.tif,228,1.5,0,0.933333333333333,3420.430480875,3423.174342375,3,NaN,3423.179688791,3423.1981055,3424.124775625,NaN,NaN
137,8,0,usability,1,kitchen,kitchen_practice1.tif,226,1.5,0,1.48333333333333,3424.1290535,3427.007865625,2,NaN,3427.036351208,3427.059272916,3428.535980375,NaN,NaN
137,9,0,usability,1,kitchen,kitchen_practice4.tif,229,1.5,0,1.33333333333333,3428.553665166,3431.48598225,2,NaN,3431.491424916,3431.509738625,3432.836449833,NaN,NaN
137,10,0,usability,1,kitchen,kitchen_practice5.tif,230,1.5,0,1.3,3432.853457833,3446.045832666,3,NaN,3446.052391041,3446.07072275,3447.364114208,NaN,NaN
