sub_num,trial,block,task,is_practice,category,image,texture,duration,mask_dur,jitter,stim_time,time_of_resp,trial_response,mask_time,fix_time,jit_onset,trial_end,trial_accuracy,RT
112,6,0,familiarity,1,kitchen,kitchen_practice2.tif,227,1.5,0,0.733333333333333,2402.203685458,2406.770654375,1,NaN,2406.776773875,2406.795209208,2407.521886958,NaN,NaN
112,7,0,familiarity,1,kitchen,kitchen_practice3.tif,228,1.5,0,1.3,2407.526586583,2411.387299875,1,NaN,2411.393439958,2411.411916458,2412.705327833,NaN,NaN
112,8,0,familiarity,1,kitchen,kitchen_practice1.tif,226,1.5,0,2,2412.723391333,2415.275016416,1,NaN,2415.281157875,2415.299471208,2417.292877541,NaN,NaN
112,9,0,familiarity,1,kitchen,kitchen_practice5.tif,230,1.5,0,1.81666666666667,2417.310898625,2420.268759541,2,NaN,2420.297794875,2420.320909041,2422.130998083,NaN,NaN
112,10,0,familiarity,1,kitchen,kitchen_practice4.tif,229,1.5,0,0.75,2422.149403916,2424.911917125,1,NaN,2424.938840166,2424.962390333,2425.705733291,NaN,NaN
