sub_num,trial,block,task,is_practice,category,image,texture,duration,mask_dur,jitter,stim_time,time_of_resp,trial_response,mask_time,fix_time,jit_onset,trial_end,trial_accuracy,RT
104,6,0,usability,1,kitchen,kitchen_practice2.tif,227,1.5,0,1.13333333333333,3950.174037666,3954.105235583,6,NaN,3954.11119325,3954.129562375,3955.256298166,NaN,NaN
104,7,0,usability,1,kitchen,kitchen_practice3.tif,228,1.5,0,0.933333333333333,3955.26460175,3959.194011083,7,NaN,3959.199576458,3959.217919,3960.144596708,NaN,NaN
104,8,0,usability,1,kitchen,kitchen_practice1.tif,226,1.5,0,1.48333333333333,3960.14921425,3964.025909958,4,NaN,3964.031497916,3964.049863208,3965.526622916,NaN,NaN
104,9,0,usability,1,kitchen,kitchen_practice4.tif,229,1.5,0,1.33333333333333,3965.543584583,3969.050149541,5,NaN,3969.055618625,3969.073904083,3970.400659583,NaN,NaN
104,10,0,usability,1,kitchen,kitchen_practice5.tif,230,1.5,0,1.3,3970.419244875,3976.706024416,5,NaN,3976.711570041,3976.729887166,3978.023299666,NaN,NaN
