sub_num,trial,block,task,is_practice,category,image,texture,duration,mask_dur,jitter,stim_time,time_of_resp,trial_response,mask_time,fix_time,jit_onset,trial_end,trial_accuracy,RT
134,1,0,usability,1,bathroom,bathroom_practice3.tif,223,1.5,0,0.983333333333333,16717.988268875,16721.028090625,5,NaN,16721.058162834,16721.083507834,16722.060245042,NaN,NaN
134,2,0,usability,1,bathroom,bathroom_practice4.tif,224,1.5,0,1.78333333333333,16722.065678209,16724.52987925,7,NaN,16724.55552625,16724.580638875,16726.357567667,NaN,NaN
134,3,0,usability,1,bathroom,bathroom_practice5.tif,225,1.5,0,1.78333333333333,16726.3715495,16729.261521292,6,NaN,16729.283747917,16729.30644825,16731.08316125,NaN,NaN
134,4,0,usability,1,bathroom,bathroom_practice2.tif,222,1.5,0,1.26666666666667,16731.100017375,16734.642835792,4,NaN,16734.649854584,16734.668345792,16735.928398042,NaN,NaN
134,5,0,usability,1,bathroom,bathroom_practice1.tif,221,1.5,0,1.05,16735.946421209,16739.235015667,6,NaN,16739.240508625,16739.258757334,16740.30213025,NaN,NaN
