sub_num,trial,block,task,is_practice,category,image,texture,duration,mask_dur,jitter,stim_time,time_of_resp,trial_response,mask_time,fix_time,jit_onset,trial_end,trial_accuracy,RT
120,1,0,typicality,1,bathroom,bathroom_practice2.tif,222,1.5,0,1.48333333333333,555.363041208,570.175459958,6,NaN,570.198528125,570.218930875,571.69582925,NaN,NaN
120,2,0,typicality,1,bathroom,bathroom_practice4.tif,224,1.5,0,0.75,571.766796791,581.862873583,6,NaN,581.873387416,581.892643791,582.635991833,NaN,NaN
120,3,0,typicality,1,bathroom,bathroom_practice1.tif,221,1.5,0,1.93333333333333,582.643864791,587.263803083,4,NaN,587.271050125,587.289847125,589.216701333,NaN,NaN
120,4,0,typicality,1,bathroom,bathroom_practice5.tif,225,1.5,0,0.983333333333333,589.253667958,601.846875958,7,NaN,601.855037,601.873781125,602.850460583,NaN,NaN
120,5,0,typicality,1,bathroom,bathroom_practice3.tif,223,1.5,0,0.883333333333333,602.858392458,607.510789291,7,NaN,607.521711041,607.541365708,608.418114916,NaN,NaN
