sub_num,trial,block,task,is_practice,category,image,texture,duration,mask_dur,jitter,stim_time,time_of_resp,trial_response,mask_time,fix_time,jit_onset,trial_end,trial_accuracy,RT
136,6,0,usability,1,kitchen,kitchen_practice2.tif,227,1.5,0,1.13333333333333,3371.9410825,3375.68766175,5,NaN,3375.69428375,3375.712469166,3376.839222125,NaN,NaN
136,7,0,usability,1,kitchen,kitchen_practice3.tif,228,1.5,0,0.933333333333333,3376.851839166,3379.935716625,6,NaN,3379.941724916,3379.960119416,3380.886794416,NaN,NaN
136,8,0,usability,1,kitchen,kitchen_practice1.tif,226,1.5,0,1.48333333333333,3380.891285083,3384.519876666,6,NaN,3384.5260955,3384.544460416,3386.021208458,NaN,NaN
136,9,0,usability,1,kitchen,kitchen_practice4.tif,229,1.5,0,1.33333333333333,3386.039974833,3389.303768458,5,NaN,3389.3095375,3389.327951083,3390.654694083,NaN,NaN
136,10,0,usability,1,kitchen,kitchen_practice5.tif,230,1.5,0,1.3,3390.674853166,3393.9115795,7,NaN,3393.917558708,3393.935954458,3395.22937975,NaN,NaN
