sub_num,trial,block,task,is_practice,category,image,texture,duration,mask_dur,jitter,stim_time,time_of_resp,trial_response,mask_time,fix_time,jit_onset,trial_end,trial_accuracy,RT
101,1,0,complexity,1,bathroom,bathroom_practice3.tif,223,1.5,0,1.56666666666667,2311.824891333,2321.385387083,3,NaN,2321.391317708,2321.409927708,2322.969978,NaN,NaN
101,2,0,complexity,1,bathroom,bathroom_practice5.tif,225,1.5,0,1.1,2322.986347625,2326.201310833,3,NaN,2326.207233083,2326.22548175,2327.31885325,NaN,NaN
101,3,0,complexity,1,bathroom,bathroom_practice2.tif,222,1.5,0,1.51666666666667,2327.326409166,2329.7776465,7,NaN,2329.783161458,2329.801496125,2331.311532958,NaN,NaN
101,4,0,complexity,1,bathroom,bathroom_practice4.tif,224,1.5,0,1.15,2331.328791416,2334.617957291,2,NaN,2334.623418208,2334.641570083,2335.784938416,NaN,NaN
101,5,0,complexity,1,bathroom,bathroom_practice1.tif,221,1.5,0,1.26666666666667,2335.793316666,2339.234299041,1,NaN,2339.239676625,2339.257784416,2340.517844166,NaN,NaN
