sub_num,trial,block,task,is_practice,category,image,texture,duration,mask_dur,jitter,stim_time,time_of_resp,trial_response,mask_time,fix_time,jit_onset,trial_end,trial_accuracy,RT
128,1,0,typicality,1,bathroom,bathroom_practice2.tif,222,1.5,0,1.48333333333333,11985.170669125,12005.407697167,2,NaN,12005.429378,12005.450900459,12006.928764292,NaN,NaN
128,2,0,typicality,1,bathroom,bathroom_practice4.tif,224,1.5,0,0.75,12006.991332417,12025.119823125,4,NaN,12025.129885625,12025.149796875,12025.893161084,NaN,NaN
128,3,0,typicality,1,bathroom,bathroom_practice1.tif,221,1.5,0,1.93333333333333,12025.898787167,12031.559379,6,NaN,12031.566020167,12031.584408292,12033.511179459,NaN,NaN
128,4,0,typicality,1,bathroom,bathroom_practice5.tif,225,1.5,0,0.983333333333333,12033.533207209,12041.135308,5,NaN,12041.142489459,12041.161119125,12042.137795959,NaN,NaN
128,5,0,typicality,1,bathroom,bathroom_practice3.tif,223,1.5,0,0.883333333333333,12042.144382,12051.783895667,5,NaN,12051.792823834,12051.811215667,12052.687891042,NaN,NaN
