sub_num,trial,block,task,is_practice,category,image,texture,duration,mask_dur,jitter,stim_time,time_of_resp,trial_response,mask_time,fix_time,jit_onset,trial_end,trial_accuracy,RT
110,6,0,complexity,1,kitchen,kitchen_practice5.tif,230,1.5,0,1.46666666666667,4566.048510417,4569.409546792,2,NaN,4569.415412042,4569.433692208,4570.893771167,NaN,NaN
110,7,0,complexity,1,kitchen,kitchen_practice2.tif,227,1.5,0,1.31666666666667,4570.907401625,4575.265994417,7,NaN,4575.271803542,4575.29001325,4576.600104792,NaN,NaN
110,8,0,complexity,1,kitchen,kitchen_practice4.tif,229,1.5,0,1.76666666666667,4576.613405542,4579.041975708,5,NaN,4579.060023875,4579.078439208,4580.838466583,NaN,NaN
110,9,0,complexity,1,kitchen,kitchen_practice1.tif,226,1.5,0,0.816666666666667,4580.850522625,4584.050906042,5,NaN,4584.080730292,4584.104556542,4584.914564583,NaN,NaN
110,10,0,complexity,1,kitchen,kitchen_practice3.tif,228,1.5,0,0.9,4584.919553333,4587.978051042,3,NaN,4588.008989083,4588.030330375,4588.923671667,NaN,NaN
