sub_num,trial,block,task,is_practice,category,image,texture,duration,mask_dur,jitter,stim_time,time_of_resp,trial_response,mask_time,fix_time,jit_onset,trial_end,trial_accuracy,RT
116,1,0,typicality,1,bathroom,bathroom_practice2.tif,222,1.5,0,1.48333333333333,642.09317425,651.381469625,3,NaN,651.404815083,651.425154208,652.902041958,NaN,NaN
116,2,0,typicality,1,bathroom,bathroom_practice4.tif,224,1.5,0,0.75,652.970659416,658.653531375,4,NaN,658.663020458,658.681821166,659.425167208,NaN,NaN
116,3,0,typicality,1,bathroom,bathroom_practice1.tif,221,1.5,0,1.93333333333333,659.431585958,664.309218625,4,NaN,664.317625291,664.336437166,666.263289916,NaN,NaN
116,4,0,typicality,1,bathroom,bathroom_practice5.tif,225,1.5,0,0.983333333333333,666.299912333,673.004986166,4,NaN,673.0133385,673.032146666,674.008828125,NaN,NaN
116,5,0,typicality,1,bathroom,bathroom_practice3.tif,223,1.5,0,0.883333333333333,674.016960333,680.350026708,6,NaN,680.359871083,680.379597458,681.25633325,NaN,NaN
