sub_num,trial,block,task,is_practice,category,image,texture,duration,mask_dur,jitter,stim_time,time_of_resp,trial_response,mask_time,fix_time,jit_onset,trial_end,trial_accuracy,RT
115,6,0,typicality,1,kitchen,kitchen_practice2.tif,227,1.5,0,0.966666666666667,1226124.2733036,1226141.0530066,52,NaN,1226135.0819431,1226141.06436,1226142.0295041,NaN,NaN
115,7,0,typicality,1,kitchen,kitchen_practice5.tif,230,1.5,0,1.58333333333333,1226142.0383484,1226151.5327929,52,NaN,1226150.5550592,1226151.5385276,1226153.1203088,NaN,NaN
115,8,0,typicality,1,kitchen,kitchen_practice1.tif,226,1.5,0,1.03333333333333,1226153.1261068,1226182.8046044,52,NaN,1226180.6359598,1226182.8107419,1226183.842562,NaN,NaN
115,9,0,typicality,1,kitchen,kitchen_practice4.tif,229,1.5,0,1.68333333333333,1226183.8486029,1226195.2606496,52,NaN,1226194.5492061,1226195.2666951,1226196.9485051,NaN,NaN
115,10,0,typicality,1,kitchen,kitchen_practice3.tif,228,1.5,0,1.45,1226196.9561009,1226205.4368525,52,NaN,1226204.3584855,1226205.4430545,1226206.8915366,NaN,NaN
