sub_num,trial,block,task,is_practice,category,image,texture,duration,mask_dur,jitter,stim_time,time_of_resp,trial_response,mask_time,fix_time,jit_onset,trial_end,trial_accuracy,RT
113,6,0,typicality,1,kitchen,kitchen_practice2.tif,227,1.5,0,0.966666666666667,2182.918018416,2188.823834291,3,NaN,2188.84545825,2188.866541333,2189.8266845,NaN,NaN
113,7,0,typicality,1,kitchen,kitchen_practice5.tif,230,1.5,0,1.58333333333333,2189.837849375,2195.054840708,4,NaN,2195.064604375,2195.083418208,2196.660303583,NaN,NaN
113,8,0,typicality,1,kitchen,kitchen_practice1.tif,226,1.5,0,1.03333333333333,2196.688488791,2200.096752375,2,NaN,2200.130045291,2200.154302208,2201.18105625,NaN,NaN
113,9,0,typicality,1,kitchen,kitchen_practice4.tif,229,1.5,0,1.68333333333333,2201.200336958,2204.255524916,1,NaN,2204.261992041,2204.280396833,2205.957158083,NaN,NaN
113,10,0,typicality,1,kitchen,kitchen_practice3.tif,228,1.5,0,1.45,2205.980286208,2209.823764958,1,NaN,2209.832530125,2209.851266708,2211.294661333,NaN,NaN
