sub_num,trial,block,task,is_practice,category,image,texture,duration,mask_dur,jitter,stim_time,time_of_resp,trial_response,mask_time,fix_time,jit_onset,trial_end,trial_accuracy,RT
106,1,0,familiarity,1,bathroom,bathroom_practice1.tif,221,1.5,0,0.916666666666667,7454.653837708,7458.834818416,6,NaN,7458.841789666,7458.860070333,7459.770077875,NaN,NaN
106,2,0,familiarity,1,bathroom,bathroom_practice2.tif,222,1.5,0,0.85,7459.774636708,7462.678559166,1,NaN,7462.708349625,7462.731892041,7463.575236583,NaN,NaN
106,3,0,familiarity,1,bathroom,bathroom_practice3.tif,223,1.5,0,0.883333333333333,7463.580059583,7468.450871833,4,NaN,7468.456612541,7468.475037916,7469.351717041,NaN,NaN
106,4,0,familiarity,1,bathroom,bathroom_practice5.tif,225,1.5,0,1.43333333333333,7469.356640833,7473.091005958,5,NaN,7473.096744625,7473.115197333,7474.541955041,NaN,NaN
106,5,0,familiarity,1,bathroom,bathroom_practice4.tif,224,1.5,0,1.53333333333333,7474.561910041,7479.643227416,4,NaN,7479.6489215,7479.667376041,7481.194140333,NaN,NaN
