sub_num,trial,block,task,is_practice,category,image,texture,duration,mask_dur,jitter,stim_time,time_of_resp,trial_response,mask_time,fix_time,jit_onset,trial_end,trial_accuracy,RT
103,6,0,complexity,1,kitchen,kitchen_practice5.tif,230,1.5,0,1.46666666666667,3929.62324225,3933.154315875,5,NaN,3933.159854083,3933.178263125,3934.638341875,NaN,NaN
103,7,0,complexity,1,kitchen,kitchen_practice2.tif,227,1.5,0,1.31666666666667,3934.657707291,3937.146091625,7,NaN,3937.151610416,3937.169900666,3938.480006166,NaN,NaN
103,8,0,complexity,1,kitchen,kitchen_practice4.tif,229,1.5,0,1.76666666666667,3938.500802958,3941.129983916,6,NaN,3941.135516041,3941.153855166,3942.913959666,NaN,NaN
103,9,0,complexity,1,kitchen,kitchen_practice1.tif,226,1.5,0,0.816666666666667,3942.934231083,3945.60585525,6,NaN,3945.633387708,3945.656842416,3946.466849958,NaN,NaN
103,10,0,complexity,1,kitchen,kitchen_practice3.tif,228,1.5,0,0.9,3946.471438583,3949.29279525,4,NaN,3949.321437125,3949.344624416,3950.237968166,NaN,NaN
