sub_num,trial,block,task,is_practice,category,image,texture,duration,mask_dur,jitter,stim_time,time_of_resp,trial_response,mask_time,fix_time,jit_onset,trial_end,trial_accuracy,RT
116,1,0,complexity,1,bathroom,bathroom_practice3.tif,223,1.5,0,1.56666666666667,2225.541589625,2229.352521833,5,NaN,2229.358039583,2229.376380875,2230.936426833,NaN,NaN
116,2,0,complexity,1,bathroom,bathroom_practice5.tif,225,1.5,0,1.1,2230.953449458,2234.457569208,5,NaN,2234.467627041,2234.487157541,2235.580535875,NaN,NaN
116,3,0,complexity,1,bathroom,bathroom_practice2.tif,222,1.5,0,1.51666666666667,2235.590952583,2241.560678916,6,NaN,2241.566760041,2241.585223166,2243.095270375,NaN,NaN
116,4,0,complexity,1,bathroom,bathroom_practice4.tif,224,1.5,0,1.15,2243.113556458,2247.624159416,3,NaN,2247.629712833,2247.648058958,2248.791429416,NaN,NaN
116,5,0,complexity,1,bathroom,bathroom_practice1.tif,221,1.5,0,1.26666666666667,2248.80009825,2252.248384958,1,NaN,2252.25387,2252.2719505,2253.531999125,NaN,NaN
