sub_num,trial,block,task,is_practice,category,image,texture,duration,mask_dur,jitter,stim_time,time_of_resp,trial_response,mask_time,fix_time,jit_onset,trial_end,trial_accuracy,RT
134,6,0,complexity,1,kitchen,kitchen_practice5.tif,230,1.5,0,1.46666666666667,18528.777219,18532.100015292,1,NaN,18532.1061345,18532.124533375,18533.58460425,NaN,NaN
134,7,0,complexity,1,kitchen,kitchen_practice2.tif,227,1.5,0,1.31666666666667,18533.607070959,18536.067024959,6,NaN,18536.073057209,18536.091352042,18537.401430834,NaN,NaN
134,8,0,complexity,1,kitchen,kitchen_practice4.tif,229,1.5,0,1.76666666666667,18537.413573667,18540.443121417,7,NaN,18540.448953292,18540.467332375,18542.227390042,NaN,NaN
134,9,0,complexity,1,kitchen,kitchen_practice1.tif,226,1.5,0,0.816666666666667,18542.248128167,18544.734429667,6,NaN,18544.757854125,18544.781262875,18545.591330834,NaN,NaN
134,10,0,complexity,1,kitchen,kitchen_practice3.tif,228,1.5,0,0.9,18545.607081542,18548.827971292,4,NaN,18548.833469417,18548.851877125,18549.745219667,NaN,NaN
