sub_num,trial,block,task,is_practice,category,image,texture,duration,mask_dur,jitter,stim_time,time_of_resp,trial_response,mask_time,fix_time,jit_onset,trial_end,trial_accuracy,RT
141,6,0,usability,1,kitchen,kitchen_practice2.tif,227,1.5,0,1.13333333333333,9347.691143375,9351.003770542,7,NaN,9351.009994083,9351.028308375,9352.155028,NaN,NaN
141,7,0,usability,1,kitchen,kitchen_practice3.tif,228,1.5,0,0.933333333333333,9352.16443425,9355.067932708,7,NaN,9355.073329583,9355.091624583,9356.018294917,NaN,NaN
141,8,0,usability,1,kitchen,kitchen_practice1.tif,226,1.5,0,1.48333333333333,9356.022952583,9358.694982833,7,NaN,9358.724057875,9358.747427333,9360.224145083,NaN,NaN
141,9,0,usability,1,kitchen,kitchen_practice4.tif,229,1.5,0,1.33333333333333,9360.243014083,9363.675850083,7,NaN,9363.681292542,9363.699564708,9365.026275583,NaN,NaN
141,10,0,usability,1,kitchen,kitchen_practice5.tif,230,1.5,0,1.3,9365.044653458,9368.348004792,7,NaN,9368.353323958,9368.371650917,9369.665028042,NaN,NaN
