sub_num,trial,block,task,is_practice,category,image,texture,duration,mask_dur,jitter,stim_time,time_of_resp,trial_response,mask_time,fix_time,jit_onset,trial_end,trial_accuracy,RT
131,6,0,complexity,1,kitchen,kitchen_practice5.tif,230,1.5,0,1.46666666666667,13763.188278458,13768.374674875,1,NaN,13768.380505583,13768.398747708,13769.85880775,NaN,NaN
131,7,0,complexity,1,kitchen,kitchen_practice2.tif,227,1.5,0,1.31666666666667,13769.874777958,13772.950268,5,NaN,13772.956232,13772.974377958,13774.284431708,NaN,NaN
131,8,0,complexity,1,kitchen,kitchen_practice4.tif,229,1.5,0,1.76666666666667,13774.30076625,13777.199199791,7,NaN,13777.204824083,13777.223464333,13778.983520791,NaN,NaN
131,9,0,complexity,1,kitchen,kitchen_practice1.tif,226,1.5,0,0.816666666666667,13778.998857958,13782.902768125,4,NaN,13782.908508416,13782.927095791,13783.737103833,NaN,NaN
131,10,0,complexity,1,kitchen,kitchen_practice3.tif,228,1.5,0,0.9,13783.754922416,13787.4701795,7,NaN,13787.476463541,13787.494729541,13788.388071958,NaN,NaN
