sub_num,trial,block,task,is_practice,category,image,texture,duration,mask_dur,jitter,stim_time,time_of_resp,trial_response,mask_time,fix_time,jit_onset,trial_end,trial_accuracy,RT
101,1,0,categorization,1,kitchen,SHINEd_kitchen_practice1.tif,116,0.0833333333333333,0.0666666666666667,1.21666666666667,1042.80487325,1043.786647541,9,1042.887410083,1042.946615541,1043.816712541,1045.026938583,NaN,NaN
101,2,0,categorization,1,kitchen,SHINEd_kitchen_practice2.tif,117,0.0833333333333333,0.0666666666666667,1.36666666666667,1045.081713916,1045.939096791,9,1045.17158125,1045.228915416,1045.988705791,1047.34891375,NaN,NaN
101,3,0,categorization,1,bathroom,SHINEd_bathroom_practice1.tif,111,0.0833333333333333,0.0666666666666667,1.85,1047.403072666,1048.067021416,13,1047.494361791,1047.553974166,1048.094170833,1049.93781475,NaN,NaN
101,4,0,categorization,1,kitchen,SHINEd_kitchen_practice5.tif,120,0.0833333333333333,0.0666666666666667,1.55,1049.97115875,1050.83649175,9,1050.062298166,1050.123826916,1050.86893425,1052.413482625,NaN,NaN
101,5,0,categorization,1,bathroom,SHINEd_bathroom_practice5.tif,115,0.0833333333333333,0.0666666666666667,1.48333333333333,1052.44624325,1053.16435175,13,1052.532427875,1052.597101166,1053.208556125,1054.685435166,NaN,NaN
101,6,0,categorization,1,bathroom,SHINEd_bathroom_practice3.tif,113,0.0833333333333333,0.0666666666666667,1.15,1054.708738958,1055.414983458,13,1054.794298833,1054.859573416,1055.433807791,1056.577179041,NaN,NaN
101,7,0,categorization,1,bathroom,SHINEd_bathroom_practice4.tif,114,0.0833333333333333,0.0666666666666667,0.733333333333333,1056.589825541,1057.286982916,13,1056.6736835,1056.740759041,1057.314537083,1058.041249833,NaN,NaN
101,8,0,categorization,1,kitchen,SHINEd_kitchen_practice3.tif,118,0.0833333333333333,0.0666666666666667,1.6,1058.058362291,1058.842755166,9,1058.142329958,1058.20822925,1058.860215291,1060.453580125,NaN,NaN
101,9,0,categorization,1,kitchen,SHINEd_kitchen_practice4.tif,119,0.0833333333333333,0.0666666666666667,0.716666666666667,1060.475243541,1061.4843825,9,1060.558513333,1060.6248445,1061.515163333,1062.225167041,NaN,NaN
101,10,0,categorization,1,bathroom,SHINEd_bathroom_practice2.tif,112,0.0833333333333333,0.0666666666666667,1.21666666666667,1062.230521916,1062.978270291,13,1062.308968041,1062.369937,1062.988486375,1064.19852525,NaN,NaN
