sub_num,trial,block,task,is_practice,category,image,texture,duration,mask_dur,jitter,stim_time,time_of_resp,trial_response,mask_time,fix_time,jit_onset,trial_end,trial_accuracy,RT
101,1,0,categorization,1,kitchen,SHINEd_kitchen_practice1.tif,116,0.0666666666666667,0.0666666666666667,1.21666666666667,4099.868621208,4101.421776666,13,4099.930364416,4099.997664333,4101.438515458,4102.647739041,NaN,NaN
101,2,0,categorization,1,kitchen,SHINEd_kitchen_practice2.tif,117,0.0666666666666667,0.0666666666666667,1.36666666666667,4102.689166041,4103.306301791,9,4102.766171708,4102.831344125,4103.342203833,4104.700796125,NaN,NaN
101,3,0,categorization,1,bathroom,SHINEd_bathroom_practice1.tif,111,0.0666666666666667,0.0666666666666667,1.85,4104.735932,4105.176148458,9,4104.809525416,4104.868479666,4105.193827583,4107.035571708,NaN,NaN
101,4,0,categorization,1,kitchen,SHINEd_kitchen_practice5.tif,120,0.0666666666666667,0.0666666666666667,1.55,4107.048565416,4107.530202166,13,4107.113517083,4107.176316875,4107.549256625,4109.090992333,NaN,NaN
101,5,0,categorization,1,bathroom,SHINEd_bathroom_practice5.tif,115,0.0666666666666667,0.0666666666666667,1.48333333333333,4109.102854958,4109.550387083,9,4109.176294375,4109.23405175,4109.573670083,4111.048734166,NaN,NaN
101,6,0,categorization,1,bathroom,SHINEd_bathroom_practice3.tif,113,0.0666666666666667,0.0666666666666667,1.15,4111.059395458,4111.899787333,9,4111.126904708,4111.188570208,4111.915890833,4113.05763375,NaN,NaN
101,7,0,categorization,1,bathroom,SHINEd_bathroom_practice4.tif,114,0.0666666666666667,0.0666666666666667,0.733333333333333,4113.062912833,4113.781752166,9,4113.123096375,4113.182467416,4113.78465075,4114.509657291,NaN,NaN
101,8,0,categorization,1,kitchen,SHINEd_kitchen_practice3.tif,118,0.0666666666666667,0.0666666666666667,1.6,4114.511877458,4115.901072583,13,4114.57198,4114.631285875,4115.904428375,4117.496158625,NaN,NaN
101,9,0,categorization,1,kitchen,SHINEd_kitchen_practice4.tif,119,0.0666666666666667,0.0666666666666667,0.716666666666667,4117.507189041,4118.514648375,9,4117.57282275,4117.636856958,4118.528050083,4119.23639375,NaN,NaN
101,10,0,categorization,1,bathroom,SHINEd_bathroom_practice2.tif,112,0.0666666666666667,0.0666666666666667,1.21666666666667,4119.238763458,4120.453836125,13,4119.299014958,4119.358172041,4120.456782375,4121.665213,NaN,NaN
