sub_num,trial,block,task,is_practice,category,image,texture,duration,mask_dur,jitter,stim_time,time_of_resp,trial_response,mask_time,fix_time,jit_onset,trial_end,trial_accuracy,RT
133,1,0,complexity,1,bathroom,bathroom_practice3.tif,223,1.5,0,1.56666666666667,1774.637088333,1779.340401125,4,NaN,1779.346749791,1779.365174041,1780.92523025,NaN,NaN
133,2,0,complexity,1,bathroom,bathroom_practice5.tif,225,1.5,0,1.1,1780.942482291,1785.972758,4,NaN,1785.9784015,1785.9967135,1787.090082458,NaN,NaN
133,3,0,complexity,1,bathroom,bathroom_practice2.tif,222,1.5,0,1.51666666666667,1787.0980195,1789.517196625,7,NaN,1789.522718958,1789.541003875,1791.051059833,NaN,NaN
133,4,0,complexity,1,bathroom,bathroom_practice4.tif,224,1.5,0,1.15,1791.069970791,1794.965376083,2,NaN,1794.970976375,1794.989360958,1796.132740625,NaN,NaN
133,5,0,complexity,1,bathroom,bathroom_practice1.tif,221,1.5,0,1.26666666666667,1796.141447333,1798.932549958,2,NaN,1798.938378375,1798.9567315,1800.216767375,NaN,NaN
