sub_num,trial,block,task,is_practice,category,image,texture,duration,mask_dur,jitter,stim_time,time_of_resp,trial_response,mask_time,fix_time,jit_onset,trial_end,trial_accuracy,RT
104,1,0,typicality,1,bathroom,bathroom_practice2.tif,222,1.5,0,1.48333333333333,926.081692375,936.238213416,3,NaN,936.263066291,936.283726583,937.760732458,NaN,NaN
104,2,0,typicality,1,bathroom,bathroom_practice4.tif,224,1.5,0,0.75,937.830914166,946.078927375,1,NaN,946.090574916,946.109570625,946.852925541,NaN,NaN
104,3,0,typicality,1,bathroom,bathroom_practice1.tif,221,1.5,0,1.93333333333333,946.858829875,953.037803416,6,NaN,953.045803375,953.0648615,954.991717083,NaN,NaN
104,4,0,typicality,1,bathroom,bathroom_practice5.tif,225,1.5,0,0.983333333333333,955.015844458,961.510441625,5,NaN,961.518917375,961.537685958,962.514365791,NaN,NaN
104,5,0,typicality,1,bathroom,bathroom_practice3.tif,223,1.5,0,0.883333333333333,962.523330791,968.526183416,6,NaN,968.538959916,968.558308041,969.435052291,NaN,NaN
