sub_num,trial,block,task,is_practice,category,image,texture,duration,mask_dur,jitter,stim_time,time_of_resp,trial_response,mask_time,fix_time,jit_onset,trial_end,trial_accuracy,RT
120,6,0,complexity,1,kitchen,kitchen_practice5.tif,230,1.5,0,1.46666666666667,4637.630869416,4641.231272791,3,NaN,4641.237018125,4641.255757916,4642.715855541,NaN,NaN
120,7,0,complexity,1,kitchen,kitchen_practice2.tif,227,1.5,0,1.31666666666667,4642.733139625,4645.303143708,6,NaN,4645.308771333,4645.327142833,4646.637248166,NaN,NaN
120,8,0,complexity,1,kitchen,kitchen_practice4.tif,229,1.5,0,1.76666666666667,4646.654984125,4649.503618083,6,NaN,4649.509206375,4649.527552708,4651.287640125,NaN,NaN
120,9,0,complexity,1,kitchen,kitchen_practice1.tif,226,1.5,0,0.816666666666667,4651.305575083,4654.274202166,5,NaN,4654.3035675,4654.326700583,4655.136712125,NaN,NaN
120,10,0,complexity,1,kitchen,kitchen_practice3.tif,228,1.5,0,0.9,4655.141999958,4658.082949583,4,NaN,4658.111919041,4658.135217041,4659.028560416,NaN,NaN
