sub_num,trial,block,task,is_practice,category,image,texture,duration,mask_dur,jitter,stim_time,time_of_resp,trial_response,mask_time,fix_time,jit_onset,trial_end,trial_accuracy,RT
127,6,0,usability,1,kitchen,kitchen_practice2.tif,227,1.5,0,1.13333333333333,8195.772408791,8199.462715791,4,NaN,8199.470156083,8199.488346,8200.615079458,NaN,NaN
127,7,0,usability,1,kitchen,kitchen_practice3.tif,228,1.5,0,0.933333333333333,8200.623707291,8203.18294575,6,NaN,8203.188496625,8203.206939458,8204.13361325,NaN,NaN
127,8,0,usability,1,kitchen,kitchen_practice1.tif,226,1.5,0,1.48333333333333,8204.137720791,8206.711024083,6,NaN,8206.740863583,8206.764513458,8208.241262958,NaN,NaN
127,9,0,usability,1,kitchen,kitchen_practice4.tif,229,1.5,0,1.33333333333333,8208.26054375,8210.829972625,7,NaN,8210.836027291,8210.854633666,8212.181369583,NaN,NaN
127,10,0,usability,1,kitchen,kitchen_practice5.tif,230,1.5,0,1.3,8212.200208291,8214.726363875,4,NaN,8214.732158375,8214.750707791,8216.044137375,NaN,NaN
