sub_num,trial,block,task,is_practice,category,image,texture,duration,mask_dur,jitter,stim_time,time_of_resp,trial_response,mask_time,fix_time,jit_onset,trial_end,trial_accuracy,RT
127,6,0,complexity,1,kitchen,kitchen_practice5.tif,230,1.5,0,1.46666666666667,8448.747324958,8452.382084958,4,NaN,8452.387844583,8452.406068291,8453.866141291,NaN,NaN
127,7,0,complexity,1,kitchen,kitchen_practice2.tif,227,1.5,0,1.31666666666667,8453.8821435,8456.373531708,7,NaN,8456.379271333,8456.397561083,8457.707662,NaN,NaN
127,8,0,complexity,1,kitchen,kitchen_practice4.tif,229,1.5,0,1.76666666666667,8457.7243965,8460.341836083,7,NaN,8460.347446833,8460.365864791,8462.125970458,NaN,NaN
127,9,0,complexity,1,kitchen,kitchen_practice1.tif,226,1.5,0,0.816666666666667,8462.145396375,8465.281237416,6,NaN,8465.310908375,8465.334268208,8466.144278791,NaN,NaN
127,10,0,complexity,1,kitchen,kitchen_practice3.tif,228,1.5,0,0.9,8466.149219291,8468.825339375,4,NaN,8468.854339625,8468.878200541,8469.771540541,NaN,NaN
