sub_num,trial,block,task,is_practice,category,image,texture,duration,mask_dur,jitter,stim_time,time_of_resp,trial_response,mask_time,fix_time,jit_onset,trial_end,trial_accuracy,RT
124,6,0,aesthetic,1,kitchen,kitchen_practice2.tif,227,1.5,0,1.08333333333333,8287.359669208,8290.443429667,6,NaN,8290.452786917,8290.472693208,8291.54946,NaN,NaN
124,7,0,aesthetic,1,kitchen,kitchen_practice1.tif,226,1.5,0,1.06666666666667,8291.560824917,8294.698113667,6,NaN,8294.7038075,8294.72237375,8295.782451125,NaN,NaN
124,8,0,aesthetic,1,kitchen,kitchen_practice4.tif,229,1.5,0,1.11666666666667,8295.7908885,8298.353804958,5,NaN,8298.359723,8298.378169833,8299.488256292,NaN,NaN
124,9,0,aesthetic,1,kitchen,kitchen_practice3.tif,228,1.5,0,0.95,8299.496884875,8303.114740292,7,NaN,8303.120258,8303.1389225,8304.082266292,NaN,NaN
124,10,0,aesthetic,1,kitchen,kitchen_practice5.tif,230,1.5,0,0.9,8304.0880955,8307.138383417,3,NaN,8307.1484675,8307.167505,8308.060844667,NaN,NaN
