sub_num,trial,block,task,is_practice,category,image,texture,duration,mask_dur,jitter,stim_time,time_of_resp,trial_response,mask_time,fix_time,jit_onset,trial_end,trial_accuracy,RT
112,6,0,usability,1,kitchen,kitchen_practice2.tif,227,1.5,0,1.13333333333333,2927.19760375,2930.440923958,6,NaN,2930.447173875,2930.465472458,2931.592214333,NaN,NaN
112,7,0,usability,1,kitchen,kitchen_practice3.tif,228,1.5,0,0.933333333333333,2931.601545208,2934.401215666,7,NaN,2934.407217416,2934.425691125,2935.352367833,NaN,NaN
112,8,0,usability,1,kitchen,kitchen_practice1.tif,226,1.5,0,1.48333333333333,2935.356781833,2937.821989666,7,NaN,2937.845041083,2937.865626916,2939.342392666,NaN,NaN
112,9,0,usability,1,kitchen,kitchen_practice4.tif,229,1.5,0,1.33333333333333,2939.363373958,2942.376583541,7,NaN,2942.382900541,2942.401073125,2943.727825708,NaN,NaN
112,10,0,usability,1,kitchen,kitchen_practice5.tif,230,1.5,0,1.3,2943.746678041,2946.753138833,6,NaN,2946.759048458,2946.777962458,2948.0713625,NaN,NaN
