sub_num,trial,block,task,is_practice,category,image,texture,duration,mask_dur,jitter,stim_time,time_of_resp,trial_response,mask_time,fix_time,jit_onset,trial_end,trial_accuracy,RT
115,6,0,complexity,1,kitchen,kitchen_practice5.tif,230,1.5,0,1.46666666666667,14033.46975625,14036.017718042,3,NaN,14036.04514825,14036.068950834,14037.529006,NaN,NaN
115,7,0,complexity,1,kitchen,kitchen_practice2.tif,227,1.5,0,1.31666666666667,14037.548125209,14040.104750417,6,NaN,14040.110067209,14040.128385334,14041.4384435,NaN,NaN
115,8,0,complexity,1,kitchen,kitchen_practice4.tif,229,1.5,0,1.76666666666667,14041.456655875,14043.960142,5,NaN,14043.965993209,14043.984382042,14045.7444315,NaN,NaN
115,9,0,complexity,1,kitchen,kitchen_practice1.tif,226,1.5,0,0.816666666666667,14045.7629965,14049.816553625,5,NaN,14049.822088,14049.840550667,14050.650555625,NaN,NaN
115,10,0,complexity,1,kitchen,kitchen_practice3.tif,228,1.5,0,0.9,14050.655655917,14053.235840625,4,NaN,14053.263498959,14053.288403125,14054.181746834,NaN,NaN
