sub_num,trial,block,task,is_practice,category,image,texture,duration,mask_dur,jitter,stim_time,time_of_resp,trial_response,mask_time,fix_time,jit_onset,trial_end,trial_accuracy,RT
122,6,0,familiarity,1,kitchen,kitchen_practice2.tif,227,1.5,0,0.733333333333333,3528.304611416,3533.235733208,2,NaN,3533.241256791,3533.259619416,3533.986291583,NaN,NaN
122,7,0,familiarity,1,kitchen,kitchen_practice3.tif,228,1.5,0,1.3,3533.991021125,3540.019696875,3,NaN,3540.025171458,3540.04354325,3541.336912916,NaN,NaN
122,8,0,familiarity,1,kitchen,kitchen_practice1.tif,226,1.5,0,2,3541.356377166,3545.451652208,2,NaN,3545.457468291,3545.475977666,3547.469362625,NaN,NaN
122,9,0,familiarity,1,kitchen,kitchen_practice5.tif,230,1.5,0,1.81666666666667,3547.485382833,3551.563858666,4,NaN,3551.569259541,3551.587576,3553.397623208,NaN,NaN
122,10,0,familiarity,1,kitchen,kitchen_practice4.tif,229,1.5,0,0.75,3553.418583083,3557.163326916,3,NaN,3557.169086958,3557.187565666,3557.930904083,NaN,NaN
