sub_num,trial,block,task,is_practice,category,image,texture,duration,mask_dur,jitter,stim_time,time_of_resp,trial_response,mask_time,fix_time,jit_onset,trial_end,trial_accuracy,RT
110,1,0,usability,1,bathroom,bathroom_practice3.tif,223,1.5,0,0.983333333333333,2261.868294125,2266.161974875,3,NaN,2266.168549583,2266.187297917,2267.164026625,NaN,NaN
110,2,0,usability,1,bathroom,bathroom_practice4.tif,224,1.5,0,1.78333333333333,2267.168874542,2269.83400725,5,NaN,2269.868709625,2269.893423333,2271.670277167,NaN,NaN
110,3,0,usability,1,bathroom,bathroom_practice5.tif,225,1.5,0,1.78333333333333,2271.690532042,2274.446685625,5,NaN,2274.468964708,2274.492362583,2276.269065917,NaN,NaN
110,4,0,usability,1,bathroom,bathroom_practice2.tif,222,1.5,0,1.26666666666667,2276.287932333,2280.114960792,2,NaN,2280.120382083,2280.138768417,2281.398805292,NaN,NaN
110,5,0,usability,1,bathroom,bathroom_practice1.tif,221,1.5,0,1.05,2281.41690375,2284.594781667,4,NaN,2284.600113125,2284.618446083,2285.661827417,NaN,NaN
