sub_num,trial,block,task,is_practice,category,image,texture,duration,mask_dur,jitter,stim_time,time_of_resp,trial_response,mask_time,fix_time,jit_onset,trial_end,trial_accuracy,RT
131,1,0,typicality,1,bathroom,bathroom_practice2.tif,222,1.5,0,1.48333333333333,10941.607805041,10947.753898958,2,NaN,10947.775905458,10947.797242833,10949.274779791,NaN,NaN
131,2,0,typicality,1,bathroom,bathroom_practice4.tif,224,1.5,0,0.75,10949.309422458,10953.842334625,1,NaN,10953.852431333,10953.871241541,10954.614598125,NaN,NaN
131,3,0,typicality,1,bathroom,bathroom_practice1.tif,221,1.5,0,1.93333333333333,10954.620179208,10959.106357916,6,NaN,10959.112583416,10959.1310775,10961.057824541,NaN,NaN
131,4,0,typicality,1,bathroom,bathroom_practice5.tif,225,1.5,0,0.983333333333333,10961.088219416,10966.297848291,4,NaN,10966.304659708,10966.323032708,10967.299706125,NaN,NaN
131,5,0,typicality,1,bathroom,bathroom_practice3.tif,223,1.5,0,0.883333333333333,10967.305975583,10971.138058458,2,NaN,10971.146851666,10971.165292333,10972.041965916,NaN,NaN
