sub_num,trial,block,task,is_practice,category,image,texture,duration,mask_dur,jitter,stim_time,time_of_resp,trial_response,mask_time,fix_time,jit_onset,trial_end,trial_accuracy,RT
112,1,0,familiarity,1,bathroom,bathroom_practice1.tif,221,1.5,0,0.916666666666667,844.722909541,852.865521458,3,NaN,852.871573166,852.889832041,853.799838458,NaN,NaN
112,2,0,familiarity,1,bathroom,bathroom_practice2.tif,222,1.5,0,0.85,853.805486541,857.337113916,1,NaN,857.344357958,857.362693,858.206030333,NaN,NaN
112,3,0,familiarity,1,bathroom,bathroom_practice3.tif,223,1.5,0,0.883333333333333,858.210443208,861.873302458,2,NaN,861.879471833,861.8978385,862.774510625,NaN,NaN
112,4,0,familiarity,1,bathroom,bathroom_practice5.tif,225,1.5,0,1.43333333333333,862.77900525,867.697799333,2,NaN,867.704674958,867.723099958,869.149823875,NaN,NaN
112,5,0,familiarity,1,bathroom,bathroom_practice4.tif,224,1.5,0,1.53333333333333,869.166498583,875.049118,1,NaN,875.055948125,875.07420475,876.600915666,NaN,NaN
