sub_num,trial,block,task,is_practice,category,image,texture,duration,mask_dur,jitter,stim_time,time_of_resp,trial_response,mask_time,fix_time,jit_onset,trial_end,trial_accuracy,RT
102,1,0,aesthetic,1,bathroom,bathroom_practice1.tif,221,1.5,0,1.6,19146.613483208,19151.728092666,1,NaN,19151.733926625,19151.752170166,19153.345541125,NaN,NaN
102,2,0,aesthetic,1,bathroom,bathroom_practice2.tif,222,1.5,0,1.26666666666667,19153.3630685,19156.708353541,2,NaN,19156.738025875,19156.761723208,19158.021769958,NaN,NaN
102,3,0,aesthetic,1,bathroom,bathroom_practice3.tif,223,1.5,0,1.15,19158.038775875,19162.439548166,4,NaN,19162.445370291,19162.463775916,19163.607156416,NaN,NaN
102,4,0,aesthetic,1,bathroom,bathroom_practice4.tif,224,1.5,0,1.75,19163.616006083,19166.896118125,3,NaN,19166.901555458,19166.919984166,19168.66337025,NaN,NaN
102,5,0,aesthetic,1,bathroom,bathroom_practice5.tif,225,1.5,0,0.85,19168.679943875,19172.018919291,5,NaN,19172.048599541,19172.069841583,19172.9131805,NaN,NaN
