sub_num,trial,block,task,is_practice,category,image,texture,duration,mask_dur,jitter,stim_time,time_of_resp,trial_response,mask_time,fix_time,jit_onset,trial_end,trial_accuracy,RT
117,6,0,typicality,1,kitchen,kitchen_practice2.tif,227,1.5,0,0.966666666666667,1478164.8673853,1478168.6645929,55,NaN,1478166.3743318,1478168.6745677,1478169.6396224,NaN,NaN
117,7,0,typicality,1,kitchen,kitchen_practice5.tif,230,1.5,0,1.58333333333333,1478169.6498483,1478171.4519866,54,NaN,1478171.1543796,1478171.4579168,1478173.0396265,NaN,NaN
117,8,0,typicality,1,kitchen,kitchen_practice1.tif,226,1.5,0,1.03333333333333,1478173.0461198,1478175.0427586,54,NaN,1478174.5551219,1478175.048437,1478176.0801599,NaN,NaN
117,9,0,typicality,1,kitchen,kitchen_practice4.tif,229,1.5,0,1.68333333333333,1478176.0878255,1478178.3791026,53,NaN,1478177.5915634,1478178.38399,1478180.0656946,NaN,NaN
117,10,0,typicality,1,kitchen,kitchen_practice3.tif,228,1.5,0,1.45,1478180.0731407,1478182.2510595,54,NaN,1478181.5765016,1478182.2573591,1478183.7058388,NaN,NaN
