sub_num,trial,block,task,is_practice,category,image,texture,duration,mask_dur,jitter,stim_time,time_of_resp,trial_response,mask_time,fix_time,jit_onset,trial_end,trial_accuracy,RT
112,6,0,aesthetic,1,kitchen,kitchen_practice2.tif,227,1.5,0,1.08333333333333,2676.963262,2681.537719875,2,NaN,2681.544252333,2681.562746125,2682.639473708,NaN,NaN
112,7,0,aesthetic,1,kitchen,kitchen_practice1.tif,226,1.5,0,1.06666666666667,2682.647520916,2685.369653083,2,NaN,2685.37559575,2685.394164583,2686.454228041,NaN,NaN
112,8,0,aesthetic,1,kitchen,kitchen_practice4.tif,229,1.5,0,1.11666666666667,2686.46463675,2689.0180625,5,NaN,2689.023918583,2689.042273416,2690.152412541,NaN,NaN
112,9,0,aesthetic,1,kitchen,kitchen_practice3.tif,228,1.5,0,0.95,2690.160957416,2693.081378,5,NaN,2693.087558791,2693.105822,2694.049165833,NaN,NaN
112,10,0,aesthetic,1,kitchen,kitchen_practice5.tif,230,1.5,0,0.9,2694.053743041,2697.442079916,3,NaN,2697.447934416,2697.46629675,2698.359640291,NaN,NaN
