sub_num,trial,block,task,is_practice,category,image,texture,duration,mask_dur,jitter,stim_time,time_of_resp,trial_response,mask_time,fix_time,jit_onset,trial_end,trial_accuracy,RT
120,6,0,familiarity,1,kitchen,kitchen_practice2.tif,227,1.5,0,0.733333333333333,1490521.0992743,1490524.2212498,51,NaN,1490522.6020401,1490524.2268597,1490524.9585321,NaN,NaN
120,7,0,familiarity,1,kitchen,kitchen_practice3.tif,228,1.5,0,1.3,1490524.9646335,1490527.2827147,53,NaN,1490526.4677814,1490527.2886674,1490528.5870054,NaN,NaN
120,8,0,familiarity,1,kitchen,kitchen_practice1.tif,226,1.5,0,2,1490528.5932675,1490530.9541464,50,NaN,1490530.0971411,1490530.9606169,1490532.9589564,NaN,NaN
120,9,0,familiarity,1,kitchen,kitchen_practice5.tif,230,1.5,0,1.81666666666667,1490532.9652778,1490535.517876,54,NaN,1490534.4683432,1490535.5233039,1490537.3383093,NaN,NaN
120,10,0,familiarity,1,kitchen,kitchen_practice4.tif,229,1.5,0,0.75,1490537.3444468,1490539.7588599,54,NaN,1490538.8476182,1490539.7650704,1490540.5134103,NaN,NaN
