sub_num,trial,block,task,is_practice,category,image,texture,duration,mask_dur,jitter,stim_time,time_of_resp,trial_response,mask_time,fix_time,jit_onset,trial_end,trial_accuracy,RT
120,1,0,familiarity,1,bathroom,bathroom_practice1.tif,221,1.5,0,0.916666666666667,1492767.1271982,1492773.7163581,53,NaN,1492768.6317421,1492773.7250675,1492774.6400749,NaN,NaN
120,2,0,familiarity,1,bathroom,bathroom_practice2.tif,222,1.5,0,0.85,1492774.6489715,1492776.4127323,49,NaN,1492776.1542627,1492776.4212104,1492777.2695522,NaN,NaN
120,3,0,familiarity,1,bathroom,bathroom_practice3.tif,223,1.5,0,0.883333333333333,1492777.2786808,1492780.3624497,53,NaN,1492778.7834089,1492780.3707337,1492781.2524088,NaN,NaN
120,4,0,familiarity,1,bathroom,bathroom_practice5.tif,225,1.5,0,1.43333333333333,1492781.2609735,1492783.6785571,51,NaN,1492782.7657248,1492783.686937,1492785.1186119,NaN,NaN
120,5,0,familiarity,1,bathroom,bathroom_practice4.tif,224,1.5,0,1.53333333333333,1492785.1270193,1492787.2507684,51,NaN,1492786.6310199,1492787.2597631,1492788.7914378,NaN,NaN
