sub_num,trial,block,task,is_practice,category,image,texture,duration,mask_dur,jitter,stim_time,time_of_resp,trial_response,mask_time,fix_time,jit_onset,trial_end,trial_accuracy,RT
130,6,0,usability,1,kitchen,kitchen_practice2.tif,227,1.5,0,1.13333333333333,3061.484692791,3066.734869833,3,NaN,3066.740570083,3066.7589705,3067.885694875,NaN,NaN
130,7,0,usability,1,kitchen,kitchen_practice3.tif,228,1.5,0,0.933333333333333,3067.894520833,3071.637830666,5,NaN,3071.644008458,3071.662176291,3072.588849666,NaN,NaN
130,8,0,usability,1,kitchen,kitchen_practice1.tif,226,1.5,0,1.48333333333333,3072.594257083,3076.014534916,4,NaN,3076.020260458,3076.038610916,3077.515364958,NaN,NaN
130,9,0,usability,1,kitchen,kitchen_practice4.tif,229,1.5,0,1.33333333333333,3077.535882875,3080.741840333,3,NaN,3080.747950333,3080.766226833,3082.092971333,NaN,NaN
130,10,0,usability,1,kitchen,kitchen_practice5.tif,230,1.5,0,1.3,3082.112474125,3085.102017625,6,NaN,3085.108210625,3085.126536916,3086.419947333,NaN,NaN
