sub_num,trial,block,task,is_practice,category,image,texture,duration,mask_dur,jitter,stim_time,time_of_resp,trial_response,mask_time,fix_time,jit_onset,trial_end,trial_accuracy,RT
106,1,0,typicality,1,bathroom,bathroom_practice2.tif,222,1.5,0,1.48333333333333,7117.853243541,7128.1478875,5,NaN,7128.170326958,7128.190937833,7129.667928041,NaN,NaN
106,2,0,typicality,1,bathroom,bathroom_practice4.tif,224,1.5,0,0.75,7129.741769916,7134.579727375,6,NaN,7134.590723,7134.609538416,7135.352889458,NaN,NaN
106,3,0,typicality,1,bathroom,bathroom_practice1.tif,221,1.5,0,1.93333333333333,7135.359227458,7139.115851291,6,NaN,7139.12321,7139.14200825,7141.068916166,NaN,NaN
106,4,0,typicality,1,bathroom,bathroom_practice5.tif,225,1.5,0,0.983333333333333,7141.110363,7146.027873375,6,NaN,7146.036173333,7146.055226208,7147.032008791,NaN,NaN
106,5,0,typicality,1,bathroom,bathroom_practice3.tif,223,1.5,0,0.883333333333333,7147.0392795,7151.043492666,4,NaN,7151.052603916,7151.072119166,7151.9488095,NaN,NaN
