sub_num,trial,block,task,is_practice,category,image,texture,duration,mask_dur,jitter,stim_time,time_of_resp,trial_response,mask_time,fix_time,jit_onset,trial_end,trial_accuracy,RT
123,1,0,usability,1,bathroom,bathroom_practice3.tif,223,1.5,0,0.983333333333333,2009.250010958,2014.448860916,6,NaN,2014.4553335,2014.474128875,2015.450911,NaN,NaN
123,2,0,usability,1,bathroom,bathroom_practice4.tif,224,1.5,0,1.78333333333333,2015.467270458,2020.592796666,5,NaN,2020.598209791,2020.616709125,2022.393565416,NaN,NaN
123,3,0,usability,1,bathroom,bathroom_practice5.tif,225,1.5,0,1.78333333333333,2022.404120666,2025.387788291,3,NaN,2025.416200041,2025.439333125,2027.216037541,NaN,NaN
123,4,0,usability,1,bathroom,bathroom_practice2.tif,222,1.5,0,1.26666666666667,2027.237786416,2030.291855708,2,NaN,2030.320774833,2030.344066458,2031.604103,NaN,NaN
123,5,0,usability,1,bathroom,bathroom_practice1.tif,221,1.5,0,1.05,2031.620005166,2034.903815416,7,NaN,2034.909453125,2034.927764666,2035.971137166,NaN,NaN
