sub_num,trial,block,task,is_practice,category,image,texture,duration,mask_dur,jitter,stim_time,time_of_resp,trial_response,mask_time,fix_time,jit_onset,trial_end,trial_accuracy,RT
122,6,0,usability,1,kitchen,kitchen_practice2.tif,227,1.5,0,1.13333333333333,4207.139153833,4219.106242083,5,NaN,4219.11185875,4219.130048166,4220.256768916,NaN,NaN
122,7,0,usability,1,kitchen,kitchen_practice3.tif,228,1.5,0,0.933333333333333,4220.266551666,4223.282300333,7,NaN,4223.28748525,4223.305972666,4224.232644541,NaN,NaN
122,8,0,usability,1,kitchen,kitchen_practice1.tif,226,1.5,0,1.48333333333333,4224.237192791,4228.345303083,5,NaN,4228.351416041,4228.369762625,4229.846469166,NaN,NaN
122,9,0,usability,1,kitchen,kitchen_practice4.tif,229,1.5,0,1.33333333333333,4229.864668666,4232.57793275,6,NaN,4232.583222833,4232.60149375,4233.928219666,NaN,NaN
122,10,0,usability,1,kitchen,kitchen_practice5.tif,230,1.5,0,1.3,4233.945538916,4236.737871833,7,NaN,4236.743422708,4236.761805541,4238.055182458,NaN,NaN
