sub_num,trial,block,task,is_practice,category,image,texture,duration,mask_dur,jitter,stim_time,time_of_resp,trial_response,mask_time,fix_time,jit_onset,trial_end,trial_accuracy,RT
115,6,0,typicality,1,kitchen,kitchen_practice2.tif,227,1.5,0,0.966666666666667,12903.873361334,12908.037097459,5,NaN,12908.058498709,12908.079738,12909.039947292,NaN,NaN
115,7,0,typicality,1,kitchen,kitchen_practice5.tif,230,1.5,0,1.58333333333333,12909.051494667,12911.840898542,5,NaN,12911.881858334,12911.905602584,12913.482332375,NaN,NaN
115,8,0,typicality,1,kitchen,kitchen_practice1.tif,226,1.5,0,1.03333333333333,12913.509063209,12916.0843555,3,NaN,12916.090837834,12916.109442209,12917.136163417,NaN,NaN
115,9,0,typicality,1,kitchen,kitchen_practice4.tif,229,1.5,0,1.68333333333333,12917.157569959,12920.40540475,3,NaN,12920.412198917,12920.430524,12922.107246459,NaN,NaN
115,10,0,typicality,1,kitchen,kitchen_practice3.tif,228,1.5,0,1.45,12922.140886542,12925.257197209,4,NaN,12925.299341667,12925.321981542,12926.765364375,NaN,NaN
