sub_num,trial,block,task,is_practice,category,image,texture,duration,mask_dur,jitter,stim_time,time_of_resp,trial_response,mask_time,fix_time,jit_onset,trial_end,trial_accuracy,RT
106,6,0,usability,1,kitchen,kitchen_practice2.tif,227,1.5,0,1.13333333333333,9653.270263208,9656.43347725,6,NaN,9656.440485833,9656.458728375,9657.585470458,NaN,NaN
106,7,0,usability,1,kitchen,kitchen_practice3.tif,228,1.5,0,0.933333333333333,9657.597370666,9660.409834916,6,NaN,9660.415752375,9660.434089041,9661.3607625,NaN,NaN
106,8,0,usability,1,kitchen,kitchen_practice1.tif,226,1.5,0,1.48333333333333,9661.365427625,9664.0448825,4,NaN,9664.073936875,9664.097817416,9665.574562958,NaN,NaN
106,9,0,usability,1,kitchen,kitchen_practice4.tif,229,1.5,0,1.33333333333333,9665.589525208,9668.929207541,6,NaN,9668.935206458,9668.953713666,9670.280438708,NaN,NaN
106,10,0,usability,1,kitchen,kitchen_practice5.tif,230,1.5,0,1.3,9670.299856375,9673.466204958,5,NaN,9673.471722708,9673.490171416,9674.783609791,NaN,NaN
