sub_num,trial,block,task,is_practice,category,image,texture,duration,mask_dur,jitter,stim_time,time_of_resp,trial_response,mask_time,fix_time,jit_onset,trial_end,trial_accuracy,RT
120,6,0,aesthetic,1,kitchen,kitchen_practice2.tif,227,1.5,0,1.08333333333333,1490805.3361542,1490807.8136983,32,NaN,1490806.8395561,1490808.8079462,1490809.8896178,NaN,NaN
120,7,0,aesthetic,1,kitchen,kitchen_practice1.tif,226,1.5,0,1.06666666666667,1490809.8959299,1490811.6532245,51,NaN,1490811.3992342,1490811.6594466,1490812.7244554,NaN,NaN
120,8,0,aesthetic,1,kitchen,kitchen_practice4.tif,229,1.5,0,1.11666666666667,1490812.7304891,1490814.2334829,54,NaN,1490814.2332514,1490814.2594446,1490815.3744501,NaN,NaN
120,9,0,aesthetic,1,kitchen,kitchen_practice3.tif,228,1.5,0,0.95,1490815.3805422,1490817.4676927,51,NaN,1490816.8832978,1490817.4732964,1490818.4216385,NaN,NaN
120,10,0,aesthetic,1,kitchen,kitchen_practice5.tif,230,1.5,0,0.9,1490818.4277319,1490820.3154904,50,NaN,1490819.9310115,1490820.3217512,1490821.2200911,NaN,NaN
