sub_num,trial,block,task,is_practice,category,image,texture,duration,mask_dur,jitter,stim_time,time_of_resp,trial_response,mask_time,fix_time,jit_onset,trial_end,trial_accuracy,RT
106,1,0,usability,1,bathroom,bathroom_practice3.tif,223,1.5,0,0.983333333333333,8070.858454333,8076.168672416,5,NaN,8076.174162041,8076.192622375,8077.169297416,NaN,NaN
106,2,0,usability,1,bathroom,bathroom_practice4.tif,224,1.5,0,1.78333333333333,8077.173962291,8080.911778583,6,NaN,8080.917871958,8080.93654225,8082.713294291,NaN,NaN
106,3,0,usability,1,bathroom,bathroom_practice5.tif,225,1.5,0,1.78333333333333,8082.73088675,8085.459696416,6,NaN,8085.487583875,8085.51112625,8087.287953208,NaN,NaN
106,4,0,usability,1,bathroom,bathroom_practice2.tif,222,1.5,0,1.26666666666667,8087.30523825,8092.216399083,4,NaN,8092.221973958,8092.240254583,8093.500328791,NaN,NaN
106,5,0,usability,1,bathroom,bathroom_practice1.tif,221,1.5,0,1.05,8093.518938583,8096.760224166,4,NaN,8096.766007958,8096.784371708,8097.82780575,NaN,NaN
