sub_num,trial,block,task,is_practice,category,image,texture,duration,mask_dur,jitter,stim_time,time_of_resp,trial_response,mask_time,fix_time,jit_onset,trial_end,trial_accuracy,RT
106,6,0,typicality,1,kitchen,kitchen_practice2.tif,227,1.5,0,0.966666666666667,8792.004976083,8796.397568166,6,NaN,8796.418986833,8796.440179041,8797.400317166,NaN,NaN
106,7,0,typicality,1,kitchen,kitchen_practice5.tif,230,1.5,0,1.58333333333333,8797.411482416,8800.733831666,3,NaN,8800.743534625,8800.762571541,8802.339471333,NaN,NaN
106,8,0,typicality,1,kitchen,kitchen_practice1.tif,226,1.5,0,1.03333333333333,8802.363523833,8805.965652375,2,NaN,8805.971932625,8805.990439333,8807.017202166,NaN,NaN
106,9,0,typicality,1,kitchen,kitchen_practice4.tif,229,1.5,0,1.68333333333333,8807.037815125,8810.1568215,6,NaN,8810.163557333,8810.182262458,8811.859001791,NaN,NaN
106,10,0,typicality,1,kitchen,kitchen_practice3.tif,228,1.5,0,1.45,8811.889722166,8815.423631625,5,NaN,8815.442221666,8815.461363791,8816.904757833,NaN,NaN
