sub_num,trial,block,task,is_practice,category,image,texture,duration,mask_dur,jitter,stim_time,time_of_resp,trial_response,mask_time,fix_time,jit_onset,trial_end,trial_accuracy,RT
126,1,0,complexity,1,bathroom,bathroom_practice3.tif,223,1.5,0,1.56666666666667,8099.453685208,8104.167445333,3,NaN,8104.173092375,8104.191273291,8105.751325291,NaN,NaN
126,2,0,complexity,1,bathroom,bathroom_practice5.tif,225,1.5,0,1.1,8105.769854541,8109.151231125,5,NaN,8109.179950541,8109.203398333,8110.296784875,NaN,NaN
126,3,0,complexity,1,bathroom,bathroom_practice2.tif,222,1.5,0,1.51666666666667,8110.308720208,8112.678991208,7,NaN,8112.684542666,8112.7028525,8114.212893625,NaN,NaN
126,4,0,complexity,1,bathroom,bathroom_practice4.tif,224,1.5,0,1.15,8114.231753,8116.975044958,4,NaN,8116.980782416,8116.999088333,8118.142471791,NaN,NaN
126,5,0,complexity,1,bathroom,bathroom_practice1.tif,221,1.5,0,1.26666666666667,8118.152431666,8121.151282125,1,NaN,8121.156721916,8121.175187125,8122.43522425,NaN,NaN
