sub_num,trial,block,task,is_practice,category,image,texture,duration,mask_dur,jitter,stim_time,time_of_resp,trial_response,mask_time,fix_time,jit_onset,trial_end,trial_accuracy,RT
118,1,0,usability,1,bathroom,bathroom_practice3.tif,223,1.5,0,0.983333333333333,17406.143782542,17411.035234959,4,NaN,17411.042661,17411.061640542,17412.0383625,NaN,NaN
118,2,0,usability,1,bathroom,bathroom_practice4.tif,224,1.5,0,1.78333333333333,17412.043632084,17414.668601709,1,NaN,17414.698520125,17414.722591834,17416.499433667,NaN,NaN
118,3,0,usability,1,bathroom,bathroom_practice5.tif,225,1.5,0,1.78333333333333,17416.518848834,17419.135125917,3,NaN,17419.164324959,17419.187823875,17420.964504792,NaN,NaN
118,4,0,usability,1,bathroom,bathroom_practice2.tif,222,1.5,0,1.26666666666667,17420.975599292,17424.634935792,1,NaN,17424.641073917,17424.65935825,17425.919405167,NaN,NaN
118,5,0,usability,1,bathroom,bathroom_practice1.tif,221,1.5,0,1.05,17425.936711375,17428.538886,2,NaN,17428.544898042,17428.563225125,17429.606613584,NaN,NaN
