sub_num,trial,block,task,is_practice,category,image,texture,duration,mask_dur,jitter,stim_time,time_of_resp,trial_response,mask_time,fix_time,jit_onset,trial_end,trial_accuracy,RT
138,6,0,typicality,1,kitchen,kitchen_practice2.tif,227,1.5,0,0.966666666666667,1646.672094125,1650.750257166,3,NaN,1650.77205075,1650.793187625,1651.753314583,NaN,NaN
138,7,0,typicality,1,kitchen,kitchen_practice5.tif,230,1.5,0,1.58333333333333,1651.7643135,1654.759647916,6,NaN,1654.809736333,1654.837180541,1656.4140685,NaN,NaN
138,8,0,typicality,1,kitchen,kitchen_practice1.tif,226,1.5,0,1.03333333333333,1656.44312225,1659.226380833,2,NaN,1659.260394375,1659.283651291,1660.310416791,NaN,NaN
138,9,0,typicality,1,kitchen,kitchen_practice4.tif,229,1.5,0,1.68333333333333,1660.331180666,1663.646890125,1,NaN,1663.65381275,1663.672197166,1665.348918208,NaN,NaN
138,10,0,typicality,1,kitchen,kitchen_practice3.tif,228,1.5,0,1.45,1665.375173416,1669.038650375,3,NaN,1669.047421916,1669.065651541,1670.509050333,NaN,NaN
