sub_num,trial,block,task,is_practice,category,image,texture,duration,mask_dur,jitter,stim_time,time_of_resp,trial_response,mask_time,fix_time,jit_onset,trial_end,trial_accuracy,RT
114,1,0,aesthetic,1,bathroom,bathroom_practice1.tif,221,1.5,0,1.6,2071.882950833,2078.905693208,3,NaN,2078.911711792,2078.929899208,2080.523271333,NaN,NaN
114,2,0,aesthetic,1,bathroom,bathroom_practice2.tif,222,1.5,0,1.26666666666667,2080.543521333,2089.714521458,1,NaN,2089.722178333,2089.740914417,2091.000957042,NaN,NaN
114,3,0,aesthetic,1,bathroom,bathroom_practice3.tif,223,1.5,0,1.15,2091.018616583,2098.522356875,4,NaN,2098.528805,2098.54713875,2099.690513042,NaN,NaN
114,4,0,aesthetic,1,bathroom,bathroom_practice4.tif,224,1.5,0,1.75,2099.698743417,2105.697960125,5,NaN,2105.703591875,2105.722049208,2107.465423625,NaN,NaN
114,5,0,aesthetic,1,bathroom,bathroom_practice5.tif,225,1.5,0,0.85,2107.4826,2110.993721792,4,NaN,2111.000521125,2111.018901042,2111.862239833,NaN,NaN
