sub_num,trial,block,task,is_practice,category,image,texture,duration,mask_dur,jitter,stim_time,time_of_resp,trial_response,mask_time,fix_time,jit_onset,trial_end,trial_accuracy,RT
133,6,0,familiarity,1,kitchen,kitchen_practice2.tif,227,1.5,0,0.733333333333333,2438.795357958,2445.722779291,2,NaN,2445.729177708,2445.748262666,2446.474939833,NaN,NaN
133,7,0,familiarity,1,kitchen,kitchen_practice3.tif,228,1.5,0,1.3,2446.479218208,2449.1933655,6,NaN,2449.223174375,2449.246781958,2450.540167125,NaN,NaN
133,8,0,familiarity,1,kitchen,kitchen_practice1.tif,226,1.5,0,2,2450.558442916,2453.322233958,2,NaN,2453.328007,2453.346814791,2455.340215958,NaN,NaN
133,9,0,familiarity,1,kitchen,kitchen_practice5.tif,230,1.5,0,1.81666666666667,2455.3589225,2460.186759333,3,NaN,2460.192269458,2460.210661083,2462.020756708,NaN,NaN
133,10,0,familiarity,1,kitchen,kitchen_practice4.tif,229,1.5,0,0.75,2462.03577375,2464.95562775,6,NaN,2464.983245666,2465.00597375,2465.749315666,NaN,NaN
