sub_num,trial,block,task,is_practice,category,image,texture,duration,mask_dur,jitter,stim_time,time_of_resp,trial_response,mask_time,fix_time,jit_onset,trial_end,trial_accuracy,RT
118,1,0,typicality,1,bathroom,bathroom_practice2.tif,222,1.5,0,1.48333333333333,16367.155823042,16384.263938167,5,NaN,16384.287697,16384.308405375,16385.785346042,NaN,NaN
118,2,0,typicality,1,bathroom,bathroom_practice4.tif,224,1.5,0,0.75,16385.852634375,16390.647534417,2,NaN,16390.657517,16390.676312125,16391.419674209,NaN,NaN
118,3,0,typicality,1,bathroom,bathroom_practice1.tif,221,1.5,0,1.93333333333333,16391.425970875,16396.432084292,1,NaN,16396.439609459,16396.458335209,16398.385209042,NaN,NaN
118,4,0,typicality,1,bathroom,bathroom_practice5.tif,225,1.5,0,0.983333333333333,16398.422617417,16402.39171175,4,NaN,16402.39926825,16402.418016792,16403.394700084,NaN,NaN
118,5,0,typicality,1,bathroom,bathroom_practice3.tif,223,1.5,0,0.883333333333333,16403.402958375,16407.046791792,3,NaN,16407.05711,16407.076650625,16407.953404584,NaN,NaN
