sub_num,trial,block,task,is_practice,category,image,texture,duration,mask_dur,jitter,stim_time,time_of_resp,trial_response,mask_time,fix_time,jit_onset,trial_end,trial_accuracy,RT
128,1,0,usability,1,bathroom,bathroom_practice3.tif,223,1.5,0,0.983333333333333,13390.561479167,13396.282840209,3,NaN,13396.288996959,13396.307669625,13397.284347625,NaN,NaN
128,2,0,usability,1,bathroom,bathroom_practice4.tif,224,1.5,0,1.78333333333333,13397.2889905,13401.282739292,1,NaN,13401.288536834,13401.307108209,13403.08387775,NaN,NaN
128,3,0,usability,1,bathroom,bathroom_practice5.tif,225,1.5,0,1.78333333333333,13403.10391825,13406.124254084,4,NaN,13406.152300917,13406.176528125,13407.953293542,NaN,NaN
128,4,0,usability,1,bathroom,bathroom_practice2.tif,222,1.5,0,1.26666666666667,13407.968697709,13411.794212792,4,NaN,13411.80038,13411.818858209,13413.078947375,NaN,NaN
128,5,0,usability,1,bathroom,bathroom_practice1.tif,221,1.5,0,1.05,13413.097751292,13419.049779042,2,NaN,13419.055635625,13419.074242834,13420.117678542,NaN,NaN
