sub_num,trial,block,task,is_practice,category,image,texture,duration,mask_dur,jitter,stim_time,time_of_resp,trial_response,mask_time,fix_time,jit_onset,trial_end,trial_accuracy,RT
129,6,0,usability,1,kitchen,kitchen_practice2.tif,227,1.5,0,1.13333333333333,7545.844360042,7548.983799042,6,NaN,7548.989833583,7549.008223583,7550.134921833,NaN,NaN
129,7,0,usability,1,kitchen,kitchen_practice3.tif,228,1.5,0,0.933333333333333,7550.143697625,7552.759905333,6,NaN,7552.765456167,7552.783798917,7553.710471833,NaN,NaN
129,8,0,usability,1,kitchen,kitchen_practice1.tif,226,1.5,0,1.48333333333333,7553.714656917,7556.689521458,6,NaN,7556.71818375,7556.741431333,7558.21814475,NaN,NaN
129,9,0,usability,1,kitchen,kitchen_practice4.tif,229,1.5,0,1.33333333333333,7558.236141333,7561.016018,6,NaN,7561.021268792,7561.039680083,7562.366396167,NaN,NaN
129,10,0,usability,1,kitchen,kitchen_practice5.tif,230,1.5,0,1.3,7562.383503875,7565.071439458,5,NaN,7565.077103667,7565.095493792,7566.388877292,NaN,NaN
