sub_num,trial,block,task,is_practice,category,image,texture,duration,mask_dur,jitter,stim_time,time_of_resp,trial_response,mask_time,fix_time,jit_onset,trial_end,trial_accuracy,RT
134,6,0,familiarity,1,kitchen,kitchen_practice2.tif,227,1.5,0,0.733333333333333,17643.550776667,17648.303389125,4,NaN,17648.30907825,17648.327394709,17649.054072042,NaN,NaN
134,7,0,familiarity,1,kitchen,kitchen_practice3.tif,228,1.5,0,1.3,17649.058732084,17651.694035792,3,NaN,17651.723472625,17651.746430209,17653.039856,NaN,NaN
134,8,0,familiarity,1,kitchen,kitchen_practice1.tif,226,1.5,0,2,17653.058408167,17655.431375667,1,NaN,17655.436856167,17655.455158834,17657.448557542,NaN,NaN
134,9,0,familiarity,1,kitchen,kitchen_practice5.tif,230,1.5,0,1.81666666666667,17657.462246917,17660.358128375,5,NaN,17660.398607167,17660.42019225,17662.230258292,NaN,NaN
134,10,0,familiarity,1,kitchen,kitchen_practice4.tif,229,1.5,0,0.75,17662.251569959,17665.346709209,6,NaN,17665.369264875,17665.392005292,17666.135347959,NaN,NaN
