sub_num,trial,block,task,is_practice,category,image,texture,duration,mask_dur,jitter,stim_time,time_of_resp,trial_response,mask_time,fix_time,jit_onset,trial_end,trial_accuracy,RT
134,6,0,usability,1,kitchen,kitchen_practice2.tif,227,1.5,0,1.13333333333333,18222.394108834,18224.88397725,6,NaN,18224.914005542,18224.936363042,18226.063103209,NaN,NaN
134,7,0,usability,1,kitchen,kitchen_practice3.tif,228,1.5,0,0.933333333333333,18226.073029209,18228.348555292,7,NaN,18228.354327667,18228.372776709,18229.299453417,NaN,NaN
134,8,0,usability,1,kitchen,kitchen_practice1.tif,226,1.5,0,1.48333333333333,18229.303701084,18231.915689459,6,NaN,18231.968049459,18231.991474125,18233.468209417,NaN,NaN
134,9,0,usability,1,kitchen,kitchen_practice4.tif,229,1.5,0,1.33333333333333,18233.485796667,18236.108381875,6,NaN,18236.114173292,18236.132618,18237.459367709,NaN,NaN
134,10,0,usability,1,kitchen,kitchen_practice5.tif,230,1.5,0,1.3,18237.476216542,18240.116270667,5,NaN,18240.122070292,18240.140287375,18241.433692417,NaN,NaN
