sub_num,trial,block,task,is_practice,category,image,texture,duration,mask_dur,jitter,stim_time,time_of_resp,trial_response,mask_time,fix_time,jit_onset,trial_end,trial_accuracy,RT
120,6,0,usability,1,kitchen,kitchen_practice2.tif,227,1.5,0,1.13333333333333,4257.924606791,4261.641264,6,NaN,4261.646907583,4261.665243583,4262.791982291,NaN,NaN
120,7,0,usability,1,kitchen,kitchen_practice3.tif,228,1.5,0,0.933333333333333,4262.801468958,4265.017020875,6,NaN,4265.022772875,4265.04106175,4265.967735625,NaN,NaN
120,8,0,usability,1,kitchen,kitchen_practice1.tif,226,1.5,0,1.48333333333333,4265.9721605,4268.425325166,6,NaN,4268.45404175,4268.478033416,4269.954793625,NaN,NaN
120,9,0,usability,1,kitchen,kitchen_practice4.tif,229,1.5,0,1.33333333333333,4269.972750041,4272.832794875,5,NaN,4272.838265416,4272.856580958,4274.183306583,NaN,NaN
120,10,0,usability,1,kitchen,kitchen_practice5.tif,230,1.5,0,1.3,4274.202985208,4278.736461291,4,NaN,4278.742180208,4278.760438416,4280.053846541,NaN,NaN
