sub_num,trial,block,task,is_practice,category,image,texture,duration,mask_dur,jitter,stim_time,time_of_resp,trial_response,mask_time,fix_time,jit_onset,trial_end,trial_accuracy,RT
134,6,0,aesthetic,1,kitchen,kitchen_practice2.tif,227,1.5,0,1.08333333333333,17929.087182375,17932.694023584,5,NaN,17932.699894959,17932.718263292,17933.79499275,NaN,NaN
134,7,0,aesthetic,1,kitchen,kitchen_practice1.tif,226,1.5,0,1.06666666666667,17933.807125334,17936.73381425,3,NaN,17936.739576542,17936.757753417,17937.817835584,NaN,NaN
134,8,0,aesthetic,1,kitchen,kitchen_practice4.tif,229,1.5,0,1.11666666666667,17937.825475542,17940.253877584,6,NaN,17940.259364042,17940.277628542,17941.387690375,NaN,NaN
134,9,0,aesthetic,1,kitchen,kitchen_practice3.tif,228,1.5,0,0.95,17941.397395667,17944.34933,5,NaN,17944.355342792,17944.374106625,17945.317446542,NaN,NaN
134,10,0,aesthetic,1,kitchen,kitchen_practice5.tif,230,1.5,0,0.9,17945.32176075,17947.7355665,3,NaN,17947.760824,17947.783914459,17948.677258292,NaN,NaN
