sub_num,trial,block,task,is_practice,category,image,texture,duration,mask_dur,jitter,stim_time,time_of_resp,trial_response,mask_time,fix_time,jit_onset,trial_end,trial_accuracy,RT
134,1,0,familiarity,1,bathroom,bathroom_practice1.tif,221,1.5,0,0.916666666666667,16139.597165667,16144.988802709,3,NaN,16144.995041042,16145.013528542,16145.923534209,NaN,NaN
134,2,0,familiarity,1,bathroom,bathroom_practice2.tif,222,1.5,0,0.85,16145.928228917,16148.596008709,1,NaN,16148.623427167,16148.646712292,16149.490049459,NaN,NaN
134,3,0,familiarity,1,bathroom,bathroom_practice3.tif,223,1.5,0,0.883333333333333,16149.494811,16152.144271792,2,NaN,16152.168472292,16152.191412125,16153.068083792,NaN,NaN
134,4,0,familiarity,1,bathroom,bathroom_practice5.tif,225,1.5,0,1.43333333333333,16153.0728565,16156.565162917,6,NaN,16156.570563875,16156.58907875,16158.015780667,NaN,NaN
134,5,0,familiarity,1,bathroom,bathroom_practice4.tif,224,1.5,0,1.53333333333333,16158.034650959,16161.501336125,6,NaN,16161.506956667,16161.525371375,16163.052087459,NaN,NaN
