sub_num,trial,block,task,is_practice,category,image,texture,duration,mask_dur,jitter,stim_time,time_of_resp,trial_response,mask_time,fix_time,jit_onset,trial_end,trial_accuracy,RT
101,1,0,usability,1,bathroom,bathroom_practice3.tif,223,1.5,0,0.983333333333333,3818.545530416,3822.246389083,5,NaN,3822.274616625,3822.287825166,3823.262968708,NaN,3.70085866699992
101,2,0,usability,1,bathroom,bathroom_practice4.tif,224,1.5,0,1.78333333333333,3823.271715916,3825.958832958,4,NaN,3825.997091791,3826.014188208,3827.789431791,NaN,2.68711704199995
101,3,0,usability,1,bathroom,bathroom_practice5.tif,225,1.5,0,1.78333333333333,3827.807022,3830.754896916,5,NaN,3830.77791125,3830.789116875,3832.564183041,NaN,2.94787491599982
101,4,0,usability,1,bathroom,bathroom_practice2.tif,222,1.5,0,1.26666666666667,3832.575164833,3835.3270765,2,NaN,3835.345351041,3835.348644,3836.60703625,NaN,2.75191166700006
101,5,0,usability,1,bathroom,bathroom_practice1.tif,221,1.5,0,1.05,3836.6373175,3839.390700583,6,NaN,3839.400556666,3839.403224833,3840.444986291,NaN,2.75338308300024
