sub_num,trial,block,task,is_practice,category,image,texture,duration,mask_dur,jitter,stim_time,time_of_resp,trial_response,mask_time,fix_time,jit_onset,trial_end,trial_accuracy,RT
114,6,0,familiarity,1,kitchen,kitchen_practice2.tif,227,1.5,0,0.733333333333333,4184.51222625,4202.124033792,2,NaN,4202.146191708,4202.167196167,4202.893889875,NaN,NaN
114,7,0,familiarity,1,kitchen,kitchen_practice3.tif,228,1.5,0,1.3,4202.906507333,4211.236194708,3,NaN,4211.245982333,4211.264728167,4212.558238708,NaN,NaN
114,8,0,familiarity,1,kitchen,kitchen_practice1.tif,226,1.5,0,2,4212.591525333,4217.140114167,2,NaN,4217.148082042,4217.16687875,4219.16047575,NaN,NaN
114,9,0,familiarity,1,kitchen,kitchen_practice5.tif,230,1.5,0,1.81666666666667,4219.189109708,4224.724147708,2,NaN,4224.731216917,4224.749961792,4226.560173,NaN,NaN
114,10,0,familiarity,1,kitchen,kitchen_practice4.tif,229,1.5,0,0.75,4226.6059965,4230.252184625,4,NaN,4230.262306583,4230.281724,4231.025128292,NaN,NaN
