sub_num,trial,block,task,is_practice,category,image,texture,duration,mask_dur,jitter,stim_time,time_of_resp,trial_response,mask_time,fix_time,jit_onset,trial_end,trial_accuracy,RT
114,6,0,familiarity,1,kitchen,kitchen_practice2.tif,227,1.5,0,0.733333333333333,3638.014043375,3643.917340875,1,NaN,3643.923360583,3643.941716042,3644.668393333,NaN,NaN
114,7,0,familiarity,1,kitchen,kitchen_practice3.tif,228,1.5,0,1.3,3644.672950083,3647.44111775,1,NaN,3647.472291167,3647.495782125,3648.789206792,NaN,NaN
114,8,0,familiarity,1,kitchen,kitchen_practice1.tif,226,1.5,0,2,3648.805753833,3652.621679708,1,NaN,3652.627470708,3652.645902167,3654.639339792,NaN,NaN
114,9,0,familiarity,1,kitchen,kitchen_practice5.tif,230,1.5,0,1.81666666666667,3654.654999333,3660.013076667,2,NaN,3660.019125667,3660.037492583,3661.847588667,NaN,NaN
114,10,0,familiarity,1,kitchen,kitchen_practice4.tif,229,1.5,0,0.75,3661.865675458,3667.981855375,1,NaN,3667.987716625,3668.006004292,3668.749346042,NaN,NaN
