sub_num,trial,block,task,is_practice,category,image,texture,duration,mask_dur,jitter,stim_time,time_of_resp,trial_response,mask_time,fix_time,jit_onset,trial_end,trial_accuracy,RT
128,6,0,typicality,1,kitchen,kitchen_practice2.tif,227,1.5,0,0.966666666666667,14435.5845295,14440.278405125,6,NaN,14440.300880375,14440.3220405,14441.282166667,NaN,NaN
128,7,0,typicality,1,kitchen,kitchen_practice5.tif,230,1.5,0,1.58333333333333,14441.302551709,14444.344635667,6,NaN,14444.368144334,14444.388370167,14445.9652825,NaN,NaN
128,8,0,typicality,1,kitchen,kitchen_practice1.tif,226,1.5,0,1.03333333333333,14445.994908375,14450.206229625,2,NaN,14450.213359709,14450.231796875,14451.258549292,NaN,NaN
128,9,0,typicality,1,kitchen,kitchen_practice4.tif,229,1.5,0,1.68333333333333,14451.278873042,14454.038761834,2,NaN,14454.046694875,14454.065037125,14455.741801875,NaN,NaN
128,10,0,typicality,1,kitchen,kitchen_practice3.tif,228,1.5,0,1.45,14455.777003875,14458.249958334,4,NaN,14458.290311459,14458.3124625,14459.755879334,NaN,NaN
