sub_num,trial,block,task,is_practice,category,image,texture,duration,mask_dur,jitter,stim_time,time_of_resp,trial_response,mask_time,fix_time,jit_onset,trial_end,trial_accuracy,RT
115,6,0,aesthetic,1,kitchen,kitchen_practice2.tif,227,1.5,0,1.08333333333333,13468.434773625,13473.058202709,4,NaN,13473.064075959,13473.082450042,13474.159160959,NaN,NaN
115,7,0,aesthetic,1,kitchen,kitchen_practice1.tif,226,1.5,0,1.06666666666667,13474.171355167,13477.266828959,3,NaN,13477.272298084,13477.290462584,13478.350517875,NaN,NaN
115,8,0,aesthetic,1,kitchen,kitchen_practice4.tif,229,1.5,0,1.11666666666667,13478.362388917,13481.770484292,3,NaN,13481.776066417,13481.794241625,13482.904306292,NaN,NaN
115,9,0,aesthetic,1,kitchen,kitchen_practice3.tif,228,1.5,0,0.95,13482.913847917,13485.874175542,5,NaN,13485.880060917,13485.898490625,13486.841829209,NaN,NaN
115,10,0,aesthetic,1,kitchen,kitchen_practice5.tif,230,1.5,0,0.9,13486.847038042,13490.354573167,5,NaN,13490.360189209,13490.378509334,13491.271849167,NaN,NaN
