sub_num,trial,block,task,is_practice,category,image,texture,duration,mask_dur,jitter,stim_time,time_of_resp,trial_response,mask_time,fix_time,jit_onset,trial_end,trial_accuracy,RT
135,1,0,usability,1,bathroom,bathroom_practice3.tif,223,1.5,0,0.983333333333333,6711.939420458,6718.29958275,4,NaN,6718.305950833,6718.324714041,6719.3014465,NaN,NaN
135,2,0,usability,1,bathroom,bathroom_practice4.tif,224,1.5,0,1.78333333333333,6719.307373,6724.332110208,5,NaN,6724.337732458,6724.356118833,6726.132957791,NaN,NaN
135,3,0,usability,1,bathroom,bathroom_practice5.tif,225,1.5,0,1.78333333333333,6726.152353666,6730.556080958,2,NaN,6730.563177458,6730.581594541,6732.358308791,NaN,NaN
135,4,0,usability,1,bathroom,bathroom_practice2.tif,222,1.5,0,1.26666666666667,6732.37418175,6737.931647958,3,NaN,6737.937267666,6737.9556465,6739.215681875,NaN,NaN
135,5,0,usability,1,bathroom,bathroom_practice1.tif,221,1.5,0,1.05,6739.232591,6743.691822916,1,NaN,6743.69742975,6743.715804,6744.759173041,NaN,NaN
