sub_num,trial,block,task,is_practice,category,image,texture,duration,mask_dur,jitter,stim_time,time_of_resp,trial_response,mask_time,fix_time,jit_onset,trial_end,trial_accuracy,RT
110,1,0,aesthetic,1,bathroom,bathroom_practice1.tif,221,1.5,0,1.6,1972.02072,1975.020582917,1,NaN,1975.048802917,1975.071311208,1976.6647005,NaN,NaN
110,2,0,aesthetic,1,bathroom,bathroom_practice2.tif,222,1.5,0,1.26666666666667,1976.680915708,1980.019052125,3,NaN,1980.025355583,1980.0438555,1981.303899542,NaN,NaN
110,3,0,aesthetic,1,bathroom,bathroom_practice3.tif,223,1.5,0,1.15,1981.321074292,1984.147362417,4,NaN,1984.153104083,1984.1714705,1985.314840333,NaN,NaN
110,4,0,aesthetic,1,bathroom,bathroom_practice4.tif,224,1.5,0,1.75,1985.32306475,1988.724029625,3,NaN,1988.729367042,1988.74779575,1990.491171333,NaN,NaN
110,5,0,aesthetic,1,bathroom,bathroom_practice5.tif,225,1.5,0,0.85,1990.509200458,1993.403290667,5,NaN,1993.421820167,1993.44405975,1994.287398125,NaN,NaN
