sub_num,trial,block,task,is_practice,category,image,texture,duration,mask_dur,jitter,stim_time,time_of_resp,trial_response,mask_time,fix_time,jit_onset,trial_end,trial_accuracy,RT
136,6,0,aesthetic,1,kitchen,kitchen_practice2.tif,227,1.5,0,1.08333333333333,3126.181824333,3129.441141833,5,NaN,3129.447305666,3129.465795291,3130.542528916,NaN,NaN
136,7,0,aesthetic,1,kitchen,kitchen_practice1.tif,226,1.5,0,1.06666666666667,3130.550890208,3133.025151875,3,NaN,3133.030695,3133.049087833,3134.109180166,NaN,NaN
136,8,0,aesthetic,1,kitchen,kitchen_practice4.tif,229,1.5,0,1.11666666666667,3134.122128791,3136.872894375,4,NaN,3136.878697625,3136.897003333,3138.007082833,NaN,NaN
136,9,0,aesthetic,1,kitchen,kitchen_practice3.tif,228,1.5,0,0.95,3138.016674875,3140.712826708,5,NaN,3140.718582208,3140.736917,3141.680261041,NaN,NaN
136,10,0,aesthetic,1,kitchen,kitchen_practice5.tif,230,1.5,0,0.9,3141.685964208,3145.361240708,4,NaN,3145.36679225,3145.385740916,3146.279082416,NaN,NaN
