sub_num,trial,block,task,is_practice,category,image,texture,duration,mask_dur,jitter,stim_time,time_of_resp,trial_response,mask_time,fix_time,jit_onset,trial_end,trial_accuracy,RT
126,6,0,familiarity,1,kitchen,kitchen_practice2.tif,227,1.5,0,0.733333333333333,8985.56006275,8989.716006375,3,NaN,8989.722482416,8989.741556333,8990.46822975,NaN,NaN
126,7,0,familiarity,1,kitchen,kitchen_practice3.tif,228,1.5,0,1.3,8990.47283025,8993.63628275,4,NaN,8993.641900416,8993.660185666,8994.95360925,NaN,NaN
126,8,0,familiarity,1,kitchen,kitchen_practice1.tif,226,1.5,0,2,8994.971185125,8998.323273041,2,NaN,8998.3292095,8998.347545583,9000.340940916,NaN,NaN
126,9,0,familiarity,1,kitchen,kitchen_practice5.tif,230,1.5,0,1.81666666666667,9000.356753833,9002.957314958,6,NaN,9002.98502275,9003.008762208,9004.818845791,NaN,NaN
126,10,0,familiarity,1,kitchen,kitchen_practice4.tif,229,1.5,0,0.75,9004.839903,9007.485885083,4,NaN,9007.514154583,9007.537859666,9008.281206166,NaN,NaN
