sub_num,trial,block,task,is_practice,category,image,texture,duration,mask_dur,jitter,stim_time,time_of_resp,trial_response,mask_time,fix_time,jit_onset,trial_end,trial_accuracy,RT
128,1,0,familiarity,1,bathroom,bathroom_practice1.tif,221,1.5,0,0.916666666666667,12543.453098584,12552.021266625,2,NaN,12552.027575625,12552.048189084,12552.958196959,NaN,NaN
128,2,0,familiarity,1,bathroom,bathroom_practice2.tif,222,1.5,0,0.85,12552.962887,12556.412903375,1,NaN,12556.419134625,12556.437499334,12557.280842,NaN,NaN
128,3,0,familiarity,1,bathroom,bathroom_practice3.tif,223,1.5,0,0.883333333333333,12557.294293834,12562.973969625,3,NaN,12562.979629084,12562.997975959,12563.874652334,NaN,NaN
128,4,0,familiarity,1,bathroom,bathroom_practice5.tif,225,1.5,0,1.43333333333333,12563.87985875,12570.356990584,4,NaN,12570.363150417,12570.381538209,12571.808303375,NaN,NaN
128,5,0,familiarity,1,bathroom,bathroom_practice4.tif,224,1.5,0,1.53333333333333,12571.821548917,12580.54952,1,NaN,12580.555276584,12580.57376625,12582.100513209,NaN,NaN
