sub_num,trial,block,task,is_practice,category,image,texture,duration,mask_dur,jitter,stim_time,time_of_resp,trial_response,mask_time,fix_time,jit_onset,trial_end,trial_accuracy,RT
131,6,0,usability,1,kitchen,kitchen_practice2.tif,227,1.5,0,1.13333333333333,13469.81284775,13473.880452,5,NaN,13473.886099333,13473.904385541,13475.03113275,NaN,NaN
131,7,0,usability,1,kitchen,kitchen_practice3.tif,228,1.5,0,0.933333333333333,13475.039400875,13477.71194275,7,NaN,13477.717581083,13477.735884791,13478.662559875,NaN,NaN
131,8,0,usability,1,kitchen,kitchen_practice1.tif,226,1.5,0,1.48333333333333,13478.667056041,13481.4033395,2,NaN,13481.427779833,13481.449778083,13482.926499583,NaN,NaN
131,9,0,usability,1,kitchen,kitchen_practice4.tif,229,1.5,0,1.33333333333333,13482.93781325,13485.76815575,3,NaN,13485.773697458,13485.791920416,13487.118662458,NaN,NaN
131,10,0,usability,1,kitchen,kitchen_practice5.tif,230,1.5,0,1.3,13487.139064791,13489.767822458,7,NaN,13489.773421166,13489.791509541,13491.084945833,NaN,NaN
