sub_num,trial,block,task,is_practice,category,image,texture,duration,mask_dur,jitter,stim_time,time_of_resp,trial_response,mask_time,fix_time,jit_onset,trial_end,trial_accuracy,RT
114,1,0,usability,1,bathroom,bathroom_practice3.tif,223,1.5,0,0.983333333333333,2444.353608917,2449.920570542,6,NaN,2449.927119625,2449.9459145,2450.922635792,NaN,NaN
114,2,0,usability,1,bathroom,bathroom_practice4.tif,224,1.5,0,1.78333333333333,2450.927325375,2454.056518417,7,NaN,2454.064721417,2454.083224042,2455.860054958,NaN,NaN
114,3,0,usability,1,bathroom,bathroom_practice5.tif,225,1.5,0,1.78333333333333,2455.880150375,2459.800780833,6,NaN,2459.806726333,2459.825198417,2461.601897833,NaN,NaN
114,4,0,usability,1,bathroom,bathroom_practice2.tif,222,1.5,0,1.26666666666667,2461.619854083,2464.56006875,1,NaN,2464.588693125,2464.611885917,2465.871932125,NaN,NaN
114,5,0,usability,1,bathroom,bathroom_practice1.tif,221,1.5,0,1.05,2465.888659125,2468.680602417,7,NaN,2468.686405792,2468.704956667,2469.74834725,NaN,NaN
