sub_num,trial,block,task,is_practice,category,image,texture,duration,mask_dur,jitter,stim_time,time_of_resp,trial_response,mask_time,fix_time,jit_onset,trial_end,trial_accuracy,RT
110,6,0,usability,1,kitchen,kitchen_practice2.tif,227,1.5,0,1.13333333333333,4308.803225917,4313.489069375,3,NaN,4313.495306875,4313.513623833,4314.640515333,NaN,NaN
110,7,0,usability,1,kitchen,kitchen_practice3.tif,228,1.5,0,0.933333333333333,4314.653583958,4317.139143792,3,NaN,4317.15557175,4317.1738485,4318.10052475,NaN,NaN
110,8,0,usability,1,kitchen,kitchen_practice1.tif,226,1.5,0,1.48333333333333,4318.10528425,4321.405713208,1,NaN,4321.411742375,4321.430087583,4322.906827792,NaN,NaN
110,9,0,usability,1,kitchen,kitchen_practice4.tif,229,1.5,0,1.33333333333333,4322.929454042,4325.788954125,6,NaN,4325.805683083,4325.824054333,4327.150790458,NaN,NaN
110,10,0,usability,1,kitchen,kitchen_practice5.tif,230,1.5,0,1.3,4327.166731708,4330.178664458,2,NaN,4330.184413333,4330.202713958,4331.49610725,NaN,NaN
