sub_num,trial,block,task,is_practice,category,image,texture,duration,mask_dur,jitter,stim_time,time_of_resp,trial_response,mask_time,fix_time,jit_onset,trial_end,trial_accuracy,RT
136,1,0,aesthetic,1,bathroom,bathroom_practice1.tif,221,1.5,0,1.6,1508.829918208,1512.382871833,4,NaN,1512.388701166,1512.40704975,1514.000429583,NaN,NaN
136,2,0,aesthetic,1,bathroom,bathroom_practice2.tif,222,1.5,0,1.26666666666667,1514.019543041,1517.10849125,3,NaN,1517.137812041,1517.16099175,1518.421027625,NaN,NaN
136,3,0,aesthetic,1,bathroom,bathroom_practice3.tif,223,1.5,0,1.15,1518.4408175,1521.823303333,3,NaN,1521.828905666,1521.847210416,1522.990595333,NaN,NaN
136,4,0,aesthetic,1,bathroom,bathroom_practice4.tif,224,1.5,0,1.75,1523.000145875,1526.055100791,4,NaN,1526.060680833,1526.07900825,1527.822388458,NaN,NaN
136,5,0,aesthetic,1,bathroom,bathroom_practice5.tif,225,1.5,0,0.85,1527.841684,1530.515273666,5,NaN,1530.540783208,1530.563327125,1531.406664791,NaN,NaN
