sub_num,trial,block,task,is_practice,category,image,texture,duration,mask_dur,jitter,stim_time,time_of_resp,trial_response,mask_time,fix_time,jit_onset,trial_end,trial_accuracy,RT
112,1,0,complexity,1,bathroom,bathroom_practice3.tif,223,1.5,0,1.56666666666667,1778.102420583,1782.764987166,4,NaN,1782.771425041,1782.789768375,1784.34980725,NaN,NaN
112,2,0,complexity,1,bathroom,bathroom_practice5.tif,225,1.5,0,1.1,1784.368559583,1789.542112416,4,NaN,1789.548059166,1789.566430041,1790.659819125,NaN,NaN
112,3,0,complexity,1,bathroom,bathroom_practice2.tif,222,1.5,0,1.51666666666667,1790.670135791,1794.525875875,7,NaN,1794.531802041,1794.550901541,1796.060950208,NaN,NaN
112,4,0,complexity,1,bathroom,bathroom_practice4.tif,224,1.5,0,1.15,1796.074022166,1799.766152,5,NaN,1799.772724333,1799.791130166,1800.934518958,NaN,NaN
112,5,0,complexity,1,bathroom,bathroom_practice1.tif,221,1.5,0,1.26666666666667,1800.943210916,1804.613556083,2,NaN,1804.619509708,1804.63789525,1805.897946791,NaN,NaN
