sub_num,trial,block,task,is_practice,category,image,texture,duration,mask_dur,jitter,stim_time,time_of_resp,trial_response,mask_time,fix_time,jit_onset,trial_end,trial_accuracy,RT
130,1,0,typicality,1,bathroom,bathroom_practice2.tif,222,1.5,0,1.48333333333333,403.744939875,410.719387166,2,NaN,410.741067291,410.761255583,412.238103541,NaN,NaN
130,2,0,typicality,1,bathroom,bathroom_practice4.tif,224,1.5,0,0.75,412.301810125,417.951235041,7,NaN,417.961114125,417.97993325,418.72329025,NaN,NaN
130,3,0,typicality,1,bathroom,bathroom_practice1.tif,221,1.5,0,1.93333333333333,418.730547291,423.159096125,5,NaN,423.16667625,423.185507458,425.1123595,NaN,NaN
130,4,0,typicality,1,bathroom,bathroom_practice5.tif,225,1.5,0,0.983333333333333,425.148871875,431.910686166,5,NaN,431.919321208,431.938204,432.914904166,NaN,NaN
130,5,0,typicality,1,bathroom,bathroom_practice3.tif,223,1.5,0,0.883333333333333,432.924109958,436.758661208,4,NaN,436.768942416,436.788476875,437.665219208,NaN,NaN
