sub_num,trial,block,task,is_practice,category,image,texture,duration,mask_dur,jitter,stim_time,time_of_resp,trial_response,mask_time,fix_time,jit_onset,trial_end,trial_accuracy,RT
118,6,0,usability,1,kitchen,kitchen_practice2.tif,227,1.5,0,1.13333333333333,19092.969131417,19095.982974875,1,NaN,19095.9998355,19096.019413459,19097.146164667,NaN,NaN
118,7,0,usability,1,kitchen,kitchen_practice3.tif,228,1.5,0,0.933333333333333,19097.156342875,19099.405751834,5,NaN,19099.411425084,19099.429814209,19100.356489125,NaN,NaN
118,8,0,usability,1,kitchen,kitchen_practice1.tif,226,1.5,0,1.48333333333333,19100.361022334,19103.1197015,2,NaN,19103.151690209,19103.175583917,19104.65230925,NaN,NaN
118,9,0,usability,1,kitchen,kitchen_practice4.tif,229,1.5,0,1.33333333333333,19104.671595917,19107.415346542,3,NaN,19107.4220365,19107.44039125,19108.767152625,NaN,NaN
118,10,0,usability,1,kitchen,kitchen_practice5.tif,230,1.5,0,1.3,19108.783924625,19111.43704825,5,NaN,19111.442886625,19111.461160334,19112.75456475,NaN,NaN
