sub_num,trial,block,task,is_practice,category,image,texture,duration,mask_dur,jitter,stim_time,time_of_resp,trial_response,mask_time,fix_time,jit_onset,trial_end,trial_accuracy,RT
131,6,0,aesthetic,1,kitchen,kitchen_practice2.tif,227,1.5,0,1.08333333333333,13191.718445291,13196.289426583,4,NaN,13196.295040166,13196.313434083,13197.390177541,NaN,NaN
131,7,0,aesthetic,1,kitchen,kitchen_practice1.tif,226,1.5,0,1.06666666666667,13197.408588333,13200.280612625,2,NaN,13200.286667416,13200.304980291,13201.365054333,NaN,NaN
131,8,0,aesthetic,1,kitchen,kitchen_practice4.tif,229,1.5,0,1.11666666666667,13201.373683125,13204.985414541,2,NaN,13204.991088291,13205.009463875,13206.119524541,NaN,NaN
131,9,0,aesthetic,1,kitchen,kitchen_practice3.tif,228,1.5,0,0.95,13206.129312791,13209.7131965,7,NaN,13209.718919375,13209.737284875,13210.680624541,NaN,NaN
131,10,0,aesthetic,1,kitchen,kitchen_practice5.tif,230,1.5,0,0.9,13210.685258958,13214.417530541,5,NaN,13214.423136833,13214.441653125,13215.334994333,NaN,NaN
