sub_num,trial,block,task,is_practice,category,image,texture,duration,mask_dur,jitter,stim_time,time_of_resp,trial_response,mask_time,fix_time,jit_onset,trial_end,trial_accuracy,RT
135,6,0,aesthetic,1,kitchen,kitchen_practice2.tif,227,1.5,0,1.08333333333333,8103.787950291,8108.589690458,2,NaN,8108.595613958,8108.613968083,8109.690723,NaN,NaN
135,7,0,aesthetic,1,kitchen,kitchen_practice1.tif,226,1.5,0,1.06666666666667,8109.698660416,8112.022266958,1,NaN,8112.027674541,8112.045937291,8113.106020958,NaN,NaN
135,8,0,aesthetic,1,kitchen,kitchen_practice4.tif,229,1.5,0,1.11666666666667,8113.114133583,8116.2144355,3,NaN,8116.220680916,8116.23890275,8117.348963791,NaN,NaN
135,9,0,aesthetic,1,kitchen,kitchen_practice3.tif,228,1.5,0,0.95,8117.357131375,8120.605463083,5,NaN,8120.611426625,8120.629778208,8121.573119375,NaN,NaN
135,10,0,aesthetic,1,kitchen,kitchen_practice5.tif,230,1.5,0,0.9,8121.584012166,8124.45915375,4,NaN,8124.487938875,8124.511421625,8125.404763916,NaN,NaN
