sub_num,trial,block,task,is_practice,category,image,texture,duration,mask_dur,jitter,stim_time,time_of_resp,trial_response,mask_time,fix_time,jit_onset,trial_end,trial_accuracy,RT
125,1,0,familiarity,1,bathroom,bathroom_practice1.tif,221,1.5,0,0.916666666666667,838.100497791,842.99138325,5,NaN,842.997478375,843.015930166,843.92593525,NaN,NaN
125,2,0,familiarity,1,bathroom,bathroom_practice2.tif,222,1.5,0,0.85,843.93196975,847.118863791,1,NaN,847.125007416,847.143405208,847.986744708,NaN,NaN
125,3,0,familiarity,1,bathroom,bathroom_practice3.tif,223,1.5,0,0.883333333333333,847.99124725,852.463044625,3,NaN,852.468834166,852.487213,853.363884333,NaN,NaN
125,4,0,familiarity,1,bathroom,bathroom_practice5.tif,225,1.5,0,1.43333333333333,853.369212916,860.766726625,3,NaN,860.772712291,860.791160458,862.217862375,NaN,NaN
125,5,0,familiarity,1,bathroom,bathroom_practice4.tif,224,1.5,0,1.53333333333333,862.235768458,865.286925875,6,NaN,865.292653208,865.310883958,866.837592458,NaN,NaN
