sub_num,trial,block,task,is_practice,category,image,texture,duration,mask_dur,jitter,stim_time,time_of_resp,trial_response,mask_time,fix_time,jit_onset,trial_end,trial_accuracy,RT
140,1,0,usability,1,bathroom,bathroom_practice3.tif,223,1.5,0,0.983333333333333,1820.143380041,1827.350439875,7,NaN,1827.356841708,1827.375697791,1828.352426708,NaN,NaN
140,2,0,usability,1,bathroom,bathroom_practice4.tif,224,1.5,0,1.78333333333333,1828.357562458,1830.930014833,5,NaN,1830.959811083,1830.983966625,1832.760844083,NaN,NaN
140,3,0,usability,1,bathroom,bathroom_practice5.tif,225,1.5,0,1.78333333333333,1832.780416916,1835.478853916,6,NaN,1835.503342125,1835.525421416,1837.302127375,NaN,NaN
140,4,0,usability,1,bathroom,bathroom_practice2.tif,222,1.5,0,1.26666666666667,1837.32208975,1843.110373958,4,NaN,1843.115948458,1843.134295541,1844.394334916,NaN,NaN
140,5,0,usability,1,bathroom,bathroom_practice1.tif,221,1.5,0,1.05,1844.405758583,1848.334735958,4,NaN,1848.340270958,1848.358487,1849.401851666,NaN,NaN
