sub_num,trial,block,task,is_practice,category,image,texture,duration,mask_dur,jitter,stim_time,time_of_resp,trial_response,mask_time,fix_time,jit_onset,trial_end,trial_accuracy,RT
126,6,0,complexity,1,kitchen,kitchen_practice5.tif,230,1.5,0,1.46666666666667,10028.167916166,10031.744316083,3,NaN,10031.750109833,10031.768710916,10033.228811666,NaN,NaN
126,7,0,complexity,1,kitchen,kitchen_practice2.tif,227,1.5,0,1.31666666666667,10033.248193833,10035.984131125,5,NaN,10035.989570708,10036.007988875,10037.318050125,NaN,NaN
126,8,0,complexity,1,kitchen,kitchen_practice4.tif,229,1.5,0,1.76666666666667,10037.340839083,10039.944108125,5,NaN,10039.949499125,10039.967967958,10041.728039208,NaN,NaN
126,9,0,complexity,1,kitchen,kitchen_practice1.tif,226,1.5,0,0.816666666666667,10041.746201458,10044.377052458,4,NaN,10044.405590416,10044.429129708,10045.239143458,NaN,NaN
126,10,0,complexity,1,kitchen,kitchen_practice3.tif,228,1.5,0,0.9,10045.24379525,10047.769747166,4,NaN,10047.797878291,10047.821624625,10048.714971666,NaN,NaN
