sub_num,trial,block,task,is_practice,category,image,texture,duration,mask_dur,jitter,stim_time,time_of_resp,trial_response,mask_time,fix_time,jit_onset,trial_end,trial_accuracy,RT
119,6,0,familiarity,1,kitchen,kitchen_practice2.tif,227,1.5,0,0.733333333333333,9387.3436445,9390.916048958,3,NaN,9390.921968917,9390.940406292,9391.667080125,NaN,NaN
119,7,0,familiarity,1,kitchen,kitchen_practice3.tif,228,1.5,0,1.3,9391.6810915,9394.773218833,4,NaN,9394.799355125,9394.819137,9396.11253175,NaN,NaN
119,8,0,familiarity,1,kitchen,kitchen_practice1.tif,226,1.5,0,2,9396.12819075,9398.660482458,2,NaN,9398.666076833,9398.684512958,9400.67791975,NaN,NaN
119,9,0,familiarity,1,kitchen,kitchen_practice5.tif,230,1.5,0,1.81666666666667,9400.692090667,9403.671541458,5,NaN,9403.700484583,9403.723450083,9405.533525667,NaN,NaN
119,10,0,familiarity,1,kitchen,kitchen_practice4.tif,229,1.5,0,0.75,9405.550752583,9408.1758295,4,NaN,9408.205195,9408.228919792,9408.972263875,NaN,NaN
