sub_num,trial,block,task,is_practice,category,image,texture,duration,mask_dur,jitter,stim_time,time_of_resp,trial_response,mask_time,fix_time,jit_onset,trial_end,trial_accuracy,RT
109,6,0,familiarity,1,kitchen,kitchen_practice2.tif,227,1.5,0,0.733333333333333,8523.8104935,8528.073784333,2,NaN,8528.0800415,8528.098504458,8528.825180625,NaN,NaN
109,7,0,familiarity,1,kitchen,kitchen_practice3.tif,228,1.5,0,1.3,8528.829628958,8532.290219958,3,NaN,8532.296438833,8532.314903458,8533.60832675,NaN,NaN
109,8,0,familiarity,1,kitchen,kitchen_practice1.tif,226,1.5,0,2,8533.626714583,8537.490702792,3,NaN,8537.496678458,8537.515025625,8539.508428125,NaN,NaN
109,9,0,familiarity,1,kitchen,kitchen_practice5.tif,230,1.5,0,1.81666666666667,8539.526559375,8544.185541875,5,NaN,8544.191733042,8544.210085125,8546.020144333,NaN,NaN
109,10,0,familiarity,1,kitchen,kitchen_practice4.tif,229,1.5,0,0.75,8546.039740958,8549.157825458,1,NaN,8549.18955025,8549.213646625,8549.956993833,NaN,NaN
