sub_num,trial,block,task,is_practice,category,image,texture,duration,mask_dur,jitter,stim_time,time_of_resp,trial_response,mask_time,fix_time,jit_onset,trial_end,trial_accuracy,RT
129,6,0,aesthetic,1,kitchen,kitchen_practice2.tif,227,1.5,0,1.08333333333333,7283.488702,7287.280244958,5,NaN,7287.285626542,7287.303950375,7288.380665167,NaN,NaN
129,7,0,aesthetic,1,kitchen,kitchen_practice1.tif,226,1.5,0,1.06666666666667,7288.388372458,7291.528801,5,NaN,7291.534150667,7291.5524325,7292.612479792,NaN,NaN
129,8,0,aesthetic,1,kitchen,kitchen_practice4.tif,229,1.5,0,1.11666666666667,7292.620757667,7296.352892167,4,NaN,7296.35825675,7296.376514042,7297.486567458,NaN,NaN
129,9,0,aesthetic,1,kitchen,kitchen_practice3.tif,228,1.5,0,0.95,7297.494797458,7300.168743208,3,NaN,7300.173952833,7300.192281167,7301.135618667,NaN,NaN
129,10,0,aesthetic,1,kitchen,kitchen_practice5.tif,230,1.5,0,0.9,7301.139921583,7303.768768875,3,NaN,7303.798495667,7303.821439542,7304.714777625,NaN,NaN
