sub_num,trial,block,task,is_practice,category,image,texture,duration,mask_dur,jitter,stim_time,time_of_resp,trial_response,mask_time,fix_time,jit_onset,trial_end,trial_accuracy,RT
117,6,0,typicality,1,kitchen,kitchen_practice2.tif,227,1.5,0,0.966666666666667,1470404.4073624,1470406.3909185,56,NaN,1470405.9125438,1470408.1970505,1470409.1621074,NaN,NaN
117,7,0,typicality,1,kitchen,kitchen_practice5.tif,230,1.5,0,1.58333333333333,1470409.1700932,1470412.7152092,72,NaN,1470410.6728726,1470413.8936914,1470415.4754129,NaN,NaN
117,8,0,typicality,1,kitchen,kitchen_practice1.tif,226,1.5,0,1.03333333333333,1470415.4812353,1470416.4334269,54,NaN,1470416.983839,1470416.9899936,1470418.0217125,NaN,NaN
117,9,0,typicality,1,kitchen,kitchen_practice4.tif,229,1.5,0,1.68333333333333,1470418.0264695,1470419.3419958,51,NaN,1470419.5284371,1470419.5347938,1470421.2165046,NaN,NaN
117,10,0,typicality,1,kitchen,kitchen_practice3.tif,228,1.5,0,1.45,1470421.2235961,1470422.152355,50,NaN,1470422.7254761,1470422.7316503,1470424.1801295,NaN,NaN
