sub_num,trial,block,task,is_practice,category,image,texture,duration,mask_dur,jitter,stim_time,time_of_resp,trial_response,mask_time,fix_time,jit_onset,trial_end,trial_accuracy,RT
134,1,0,typicality,1,bathroom,bathroom_practice2.tif,222,1.5,0,1.48333333333333,15821.882724417,15834.878418959,3,NaN,15834.902315292,15834.923002834,15836.399901792,NaN,NaN
134,2,0,typicality,1,bathroom,bathroom_practice4.tif,224,1.5,0,0.75,15836.472780959,15841.397827209,5,NaN,15841.408503834,15841.427280875,15842.170627709,NaN,NaN
134,3,0,typicality,1,bathroom,bathroom_practice1.tif,221,1.5,0,1.93333333333333,15842.17682275,15845.662586417,5,NaN,15845.669818959,15845.688558084,15847.615351709,NaN,NaN
134,4,0,typicality,1,bathroom,bathroom_practice5.tif,225,1.5,0,0.983333333333333,15847.634958584,15852.349575875,7,NaN,15852.358250625,15852.377015584,15853.353693292,NaN,NaN
134,5,0,typicality,1,bathroom,bathroom_practice3.tif,223,1.5,0,0.883333333333333,15853.362198584,15856.934185334,6,NaN,15856.944006417,15856.963496417,15857.840241917,NaN,NaN
