sub_num,trial,block,task,is_practice,category,image,texture,duration,mask_dur,jitter,stim_time,time_of_resp,trial_response,mask_time,fix_time,jit_onset,trial_end,trial_accuracy,RT
118,6,0,typicality,1,kitchen,kitchen_practice2.tif,227,1.5,0,0.966666666666667,18166.068380417,18169.848713542,4,NaN,18169.870536084,18169.891743042,18170.851827834,NaN,NaN
118,7,0,typicality,1,kitchen,kitchen_practice5.tif,230,1.5,0,1.58333333333333,18170.862254667,18174.129069042,6,NaN,18174.138525792,18174.157387084,18175.734238875,NaN,NaN
118,8,0,typicality,1,kitchen,kitchen_practice1.tif,226,1.5,0,1.03333333333333,18175.757612792,18178.353119667,2,NaN,18178.359403,18178.377789709,18179.404548417,NaN,NaN
118,9,0,typicality,1,kitchen,kitchen_practice4.tif,229,1.5,0,1.68333333333333,18179.424744,18182.265145375,5,NaN,18182.272226959,18182.290529334,18183.967286292,NaN,NaN
118,10,0,typicality,1,kitchen,kitchen_practice3.tif,228,1.5,0,1.45,18183.999081,18188.264910209,4,NaN,18188.27377525,18188.2921045,18189.735526417,NaN,NaN
