sub_num,trial,block,task,is_practice,category,image,texture,duration,mask_dur,jitter,stim_time,time_of_resp,trial_response,mask_time,fix_time,jit_onset,trial_end,trial_accuracy,RT
105,1,0,familiarity,1,bathroom,bathroom_practice1.tif,221,1.5,0,0.916666666666667,16016.010302917,16020.442847125,2,NaN,16020.449098333,16020.46740125,16021.377411875,NaN,NaN
105,2,0,familiarity,1,bathroom,bathroom_practice2.tif,222,1.5,0,0.85,16021.382023417,16024.898989667,2,NaN,16024.905011083,16024.92332725,16025.76666725,NaN,NaN
105,3,0,familiarity,1,bathroom,bathroom_practice3.tif,223,1.5,0,0.883333333333333,16025.771143042,16029.187158958,3,NaN,16029.193026583,16029.211455042,16030.088128583,NaN,NaN
105,4,0,familiarity,1,bathroom,bathroom_practice5.tif,225,1.5,0,1.43333333333333,16030.092452833,16034.019409833,4,NaN,16034.025195833,16034.043473458,16035.470211667,NaN,NaN
105,5,0,familiarity,1,bathroom,bathroom_practice4.tif,224,1.5,0,1.53333333333333,16035.485878417,16039.290929875,3,NaN,16039.29709375,16039.315408083,16040.842150625,NaN,NaN
