sub_num,trial,block,task,is_practice,category,image,texture,duration,mask_dur,jitter,stim_time,time_of_resp,trial_response,mask_time,fix_time,jit_onset,trial_end,trial_accuracy,RT
115,1,0,typicality,1,bathroom,bathroom_practice2.tif,222,1.5,0,1.48333333333333,11139.353096834,11148.092047292,5,NaN,11148.116112042,11148.13781475,11149.615435584,NaN,NaN
115,2,0,typicality,1,bathroom,bathroom_practice4.tif,224,1.5,0,0.75,11149.690087375,11158.027657834,5,NaN,11158.037219334,11158.056116459,11158.799472875,NaN,NaN
115,3,0,typicality,1,bathroom,bathroom_practice1.tif,221,1.5,0,1.93333333333333,11158.805401709,11166.227782667,4,NaN,11166.235225542,11166.253660292,11168.180360125,NaN,NaN
115,4,0,typicality,1,bathroom,bathroom_practice5.tif,225,1.5,0,0.983333333333333,11168.208279292,11176.891491709,3,NaN,11176.899964709,11176.918518709,11177.895189917,NaN,NaN
115,5,0,typicality,1,bathroom,bathroom_practice3.tif,223,1.5,0,0.883333333333333,11177.902782542,11183.187465625,4,NaN,11183.19766025,11183.216071625,11184.092741709,NaN,NaN
