sub_num,trial,block,task,is_practice,category,image,texture,duration,mask_dur,jitter,stim_time,time_of_resp,trial_response,mask_time,fix_time,jit_onset,trial_end,trial_accuracy,RT
132,6,0,complexity,1,kitchen,kitchen_practice5.tif,230,1.5,0,1.46666666666667,10142.795512708,10150.028591541,3,NaN,10150.034239416,10150.052574958,10151.512628916,NaN,NaN
132,7,0,complexity,1,kitchen,kitchen_practice2.tif,227,1.5,0,1.31666666666667,10151.529029583,10154.804701625,6,NaN,10154.810201833,10154.828651541,10156.138709125,NaN,NaN
132,8,0,complexity,1,kitchen,kitchen_practice4.tif,229,1.5,0,1.76666666666667,10156.156560458,10158.980311416,7,NaN,10158.985865541,10159.004223375,10160.764270791,NaN,NaN
132,9,0,complexity,1,kitchen,kitchen_practice1.tif,226,1.5,0,0.816666666666667,10160.782890666,10163.752905875,6,NaN,10163.781958125,10163.805386541,10164.615392916,NaN,NaN
132,10,0,complexity,1,kitchen,kitchen_practice3.tif,228,1.5,0,0.9,10164.620188708,10167.492524958,5,NaN,10167.52113825,10167.544344125,10168.437685,NaN,NaN
