sub_num,trial,block,task,is_practice,category,image,texture,duration,mask_dur,jitter,stim_time,time_of_resp,trial_response,mask_time,fix_time,jit_onset,trial_end,trial_accuracy,RT
117,6,0,familiarity,1,kitchen,kitchen_practice2.tif,227,1.5,0,0.733333333333333,1470721.8769906,1470721.8803884,55,NaN,1470723.3800362,1470723.3859514,1470724.1177689,NaN,NaN
117,7,0,familiarity,1,kitchen,kitchen_practice3.tif,228,1.5,0,1.3,1470724.1225821,1470724.1227533,55,NaN,1470725.6246496,1470725.6309109,1470726.9292479,NaN,NaN
117,8,0,familiarity,1,kitchen,kitchen_practice1.tif,226,1.5,0,2,1470726.933595,1470726.9337822,55,NaN,1470728.435679,1470728.4417841,1470730.4401219,NaN,NaN
117,9,0,familiarity,1,kitchen,kitchen_practice5.tif,230,1.5,0,1.81666666666667,1470730.444828,1470730.4450122,55,NaN,1470731.946851,1470731.9528716,1470733.7678758,NaN,NaN
117,10,0,familiarity,1,kitchen,kitchen_practice4.tif,229,1.5,0,0.75,1470733.7721376,1470733.7723299,55,NaN,1470735.2739385,1470735.2801129,1470736.02845,NaN,NaN
