sub_num,trial,block,task,is_practice,category,image,texture,duration,mask_dur,jitter,stim_time,time_of_resp,trial_response,mask_time,fix_time,jit_onset,trial_end,trial_accuracy,RT
118,1,0,familiarity,1,bathroom,bathroom_practice1.tif,221,1.5,0,0.916666666666667,16771.20073775,16777.149983125,7,NaN,16777.1560275,16777.174715167,16778.084720875,NaN,NaN
118,2,0,familiarity,1,bathroom,bathroom_practice2.tif,222,1.5,0,0.85,16778.089857875,16783.237288292,7,NaN,16783.24348725,16783.261804917,16784.105143667,NaN,NaN
118,3,0,familiarity,1,bathroom,bathroom_practice3.tif,223,1.5,0,0.883333333333333,16784.110385334,16787.213791292,4,NaN,16787.220982542,16787.2392225,16788.115895125,NaN,NaN
118,4,0,familiarity,1,bathroom,bathroom_practice5.tif,225,1.5,0,1.43333333333333,16788.121344375,16791.501680667,6,NaN,16791.507467584,16791.526048,16792.952749875,NaN,NaN
118,5,0,familiarity,1,bathroom,bathroom_practice4.tif,224,1.5,0,1.53333333333333,16792.966916292,16796.34233825,1,NaN,16796.348056334,16796.366423042,16797.893140125,NaN,NaN
