sub_num,trial,block,task,is_practice,category,image,texture,duration,mask_dur,jitter,stim_time,time_of_resp,trial_response,mask_time,fix_time,jit_onset,trial_end,trial_accuracy,RT
118,1,0,complexity,1,bathroom,bathroom_practice3.tif,223,1.5,0,1.56666666666667,17738.295645667,17741.626169834,4,NaN,17741.633096084,17741.651298959,17743.211351709,NaN,NaN
118,2,0,complexity,1,bathroom,bathroom_practice5.tif,225,1.5,0,1.1,17743.227154709,17745.610816084,5,NaN,17745.61656375,17745.63488825,17746.728276292,NaN,NaN
118,3,0,complexity,1,bathroom,bathroom_practice2.tif,222,1.5,0,1.51666666666667,17746.740924209,17749.354710542,7,NaN,17749.360390959,17749.378830334,17750.888864125,NaN,NaN
118,4,0,complexity,1,bathroom,bathroom_practice4.tif,224,1.5,0,1.15,17750.909189834,17754.059281417,3,NaN,17754.069236167,17754.087677584,17755.231066584,NaN,NaN
118,5,0,complexity,1,bathroom,bathroom_practice1.tif,221,1.5,0,1.26666666666667,17755.242342375,17758.649701334,7,NaN,17758.655896,17758.67428325,17759.934316042,NaN,NaN
