sub_num,trial,block,task,is_practice,category,image,texture,duration,mask_dur,jitter,stim_time,time_of_resp,trial_response,mask_time,fix_time,jit_onset,trial_end,trial_accuracy,RT
133,1,0,typicality,1,bathroom,bathroom_practice2.tif,222,1.5,0,1.48333333333333,374.34489375,383.994480333,4,NaN,384.018315,384.038542458,385.515554791,NaN,NaN
133,2,0,typicality,1,bathroom,bathroom_practice4.tif,224,1.5,0,0.75,385.586750791,392.346883666,5,NaN,392.356833916,392.375561791,393.11892625,NaN,NaN
133,3,0,typicality,1,bathroom,bathroom_practice1.tif,221,1.5,0,1.93333333333333,393.125752583,398.002177083,5,NaN,398.009761916,398.028627125,399.955495166,NaN,NaN
133,4,0,typicality,1,bathroom,bathroom_practice5.tif,225,1.5,0,0.983333333333333,399.99292375,404.97013075,6,NaN,404.978134041,404.996955833,405.973642625,NaN,NaN
133,5,0,typicality,1,bathroom,bathroom_practice3.tif,223,1.5,0,0.883333333333333,405.982646583,409.30711325,7,NaN,409.317015833,409.336433166,410.21319175,NaN,NaN
