sub_num,trial,block,task,is_practice,category,image,texture,duration,mask_dur,jitter,stim_time,time_of_resp,trial_response,mask_time,fix_time,jit_onset,trial_end,trial_accuracy,RT
118,6,0,aesthetic,1,kitchen,kitchen_practice2.tif,227,1.5,0,1.08333333333333,18813.206448417,18820.77460025,1,NaN,18820.780561417,18820.799045834,18821.875803209,NaN,NaN
118,7,0,aesthetic,1,kitchen,kitchen_practice1.tif,226,1.5,0,1.06666666666667,18821.888348334,18824.285723709,1,NaN,18824.291870334,18824.310290375,18825.370364584,NaN,NaN
118,8,0,aesthetic,1,kitchen,kitchen_practice4.tif,229,1.5,0,1.11666666666667,18825.380685292,18827.710644292,3,NaN,18827.716482792,18827.734697417,18828.8447815,NaN,NaN
118,9,0,aesthetic,1,kitchen,kitchen_practice3.tif,228,1.5,0,0.95,18828.853351625,18831.413893792,6,NaN,18831.419942042,18831.4382535,18832.381598042,NaN,NaN
118,10,0,aesthetic,1,kitchen,kitchen_practice5.tif,230,1.5,0,0.9,18832.385912292,18835.022523,6,NaN,18835.047464667,18835.069342917,18835.96268725,NaN,NaN
