sub_num,trial,block,task,is_practice,category,image,texture,duration,mask_dur,jitter,stim_time,time_of_resp,trial_response,mask_time,fix_time,jit_onset,trial_end,trial_accuracy,RT
118,6,0,complexity,1,kitchen,kitchen_practice5.tif,230,1.5,0,1.46666666666667,19388.754559584,19394.532333709,4,NaN,19394.538727959,19394.557103292,19396.017165292,NaN,NaN
118,7,0,complexity,1,kitchen,kitchen_practice2.tif,227,1.5,0,1.31666666666667,19396.037889709,19398.412547917,7,NaN,19398.41822675,19398.436582209,19399.746648459,NaN,NaN
118,8,0,complexity,1,kitchen,kitchen_practice4.tif,229,1.5,0,1.76666666666667,19399.764402542,19402.148459792,6,NaN,19402.154248834,19402.172696792,19403.932774167,NaN,NaN
118,9,0,complexity,1,kitchen,kitchen_practice1.tif,226,1.5,0,0.816666666666667,19403.953685209,19406.636662125,6,NaN,19406.661408209,19406.685246209,19407.49525375,NaN,NaN
118,10,0,complexity,1,kitchen,kitchen_practice3.tif,228,1.5,0,0.9,19407.5001955,19410.255437,4,NaN,19410.285813834,19410.30924675,19411.202588167,NaN,NaN
