sub_num,trial,block,task,is_practice,category,image,texture,duration,mask_dur,jitter,stim_time,time_of_resp,trial_response,mask_time,fix_time,jit_onset,trial_end,trial_accuracy,RT
105,6,0,usability,1,kitchen,kitchen_practice2.tif,227,1.5,0,1.13333333333333,18152.689621375,18157.290630375,2,NaN,18157.297002375,18157.315443917,18158.44219525,NaN,NaN
105,7,0,usability,1,kitchen,kitchen_practice3.tif,228,1.5,0,0.933333333333333,18158.4514535,18162.347420417,2,NaN,18162.353492417,18162.371775083,18163.298449792,NaN,NaN
105,8,0,usability,1,kitchen,kitchen_practice1.tif,226,1.5,0,1.48333333333333,18163.303727625,18167.610594958,3,NaN,18167.617114042,18167.635910417,18169.112643792,NaN,NaN
105,9,0,usability,1,kitchen,kitchen_practice4.tif,229,1.5,0,1.33333333333333,18169.127618708,18172.418595042,3,NaN,18172.424849,18172.443219333,18173.769956167,NaN,NaN
105,10,0,usability,1,kitchen,kitchen_practice5.tif,230,1.5,0,1.3,18173.783951125,18177.099418458,4,NaN,18177.105239167,18177.123597042,18178.416989083,NaN,NaN
