sub_num,trial,block,task,is_practice,category,image,texture,duration,mask_dur,jitter,stim_time,time_of_resp,trial_response,mask_time,fix_time,jit_onset,trial_end,trial_accuracy,RT
119,6,0,typicality,1,kitchen,kitchen_practice2.tif,227,1.5,0,0.966666666666667,8982.23761075,8987.077533042,5,NaN,8987.099595042,8987.121061292,8988.081162958,NaN,NaN
119,7,0,typicality,1,kitchen,kitchen_practice5.tif,230,1.5,0,1.58333333333333,8988.09225525,8991.098966167,4,NaN,8991.146001,8991.167025625,8992.743938042,NaN,NaN
119,8,0,typicality,1,kitchen,kitchen_practice1.tif,226,1.5,0,1.03333333333333,8992.778562125,8995.829931375,4,NaN,8995.836143958,8995.854763833,8996.881490917,NaN,NaN
119,9,0,typicality,1,kitchen,kitchen_practice4.tif,229,1.5,0,1.68333333333333,8996.902666875,9000.069310708,6,NaN,9000.076144,9000.09482825,9001.771567083,NaN,NaN
119,10,0,typicality,1,kitchen,kitchen_practice3.tif,228,1.5,0,1.45,9001.804815833,9007.437841792,5,NaN,9007.44667325,9007.465270583,9008.908688625,NaN,NaN
