sub_num,trial,block,task,is_practice,category,image,texture,duration,mask_dur,jitter,stim_time,time_of_resp,trial_response,mask_time,fix_time,jit_onset,trial_end,trial_accuracy,RT
102,6,0,typicality,1,kitchen,kitchen_practice2.tif,227,1.5,0,0.966666666666667,20211.74036125,20218.491550458,4,NaN,20218.514200791,20218.537176958,20219.497289291,NaN,NaN
102,7,0,typicality,1,kitchen,kitchen_practice5.tif,230,1.5,0,1.58333333333333,20219.508161958,20224.474871791,5,NaN,20224.484970916,20224.503682958,20226.080546416,NaN,NaN
102,8,0,typicality,1,kitchen,kitchen_practice1.tif,226,1.5,0,1.03333333333333,20226.101637875,20228.946886208,2,NaN,20228.953249041,20228.971666583,20229.99841675,NaN,NaN
102,9,0,typicality,1,kitchen,kitchen_practice4.tif,229,1.5,0,1.68333333333333,20230.019529833,20233.0350175,6,NaN,20233.041767208,20233.06033075,20234.737086333,NaN,NaN
102,10,0,typicality,1,kitchen,kitchen_practice3.tif,228,1.5,0,1.45,20234.761743666,20240.106816708,1,NaN,20240.116510208,20240.135830125,20241.579227333,NaN,NaN
