sub_num,trial,block,task,is_practice,category,image,texture,duration,mask_dur,jitter,stim_time,time_of_resp,trial_response,mask_time,fix_time,jit_onset,trial_end,trial_accuracy,RT
114,6,0,complexity,1,kitchen,kitchen_practice5.tif,230,1.5,0,1.46666666666667,5172.353188375,5178.5443625,4,NaN,5178.55124475,5178.569991125,5180.030552708,NaN,NaN
114,7,0,complexity,1,kitchen,kitchen_practice2.tif,227,1.5,0,1.31666666666667,5180.052280708,5183.048302333,7,NaN,5183.054544333,5183.072955333,5184.383131708,NaN,NaN
114,8,0,complexity,1,kitchen,kitchen_practice4.tif,229,1.5,0,1.76666666666667,5184.40201325,5187.456608417,7,NaN,5187.462272625,5187.480709625,5189.240741875,NaN,NaN
114,9,0,complexity,1,kitchen,kitchen_practice1.tif,226,1.5,0,0.816666666666667,5189.259813917,5192.400589583,6,NaN,5192.430077417,5192.452999125,5193.263003292,NaN,NaN
114,10,0,complexity,1,kitchen,kitchen_practice3.tif,228,1.5,0,0.9,5193.267811083,5199.505135833,4,NaN,5199.510730875,5199.529004458,5200.422343292,NaN,NaN
