sub_num,trial,block,task,is_practice,category,image,texture,duration,mask_dur,jitter,stim_time,time_of_resp,trial_response,mask_time,fix_time,jit_onset,trial_end,trial_accuracy,RT
131,6,0,typicality,1,kitchen,kitchen_practice2.tif,227,1.5,0,0.966666666666667,12600.949957291,12605.499346291,1,NaN,12605.521459208,12605.543101541,12606.503197583,NaN,NaN
131,7,0,typicality,1,kitchen,kitchen_practice5.tif,230,1.5,0,1.58333333333333,12606.513645375,12609.402811833,6,NaN,12609.432038166,12609.455829,12611.032756958,NaN,NaN
131,8,0,typicality,1,kitchen,kitchen_practice1.tif,226,1.5,0,1.03333333333333,12611.065816208,12613.684963333,1,NaN,12613.718264708,12613.742847083,12614.769570166,NaN,NaN
131,9,0,typicality,1,kitchen,kitchen_practice4.tif,229,1.5,0,1.68333333333333,12614.791109,12617.939054625,5,NaN,12617.945683666,12617.96406125,12619.640782375,NaN,NaN
131,10,0,typicality,1,kitchen,kitchen_practice3.tif,228,1.5,0,1.45,12619.672545125,12623.379377083,5,NaN,12623.388017291,12623.406444208,12624.849852291,NaN,NaN
