sub_num,trial,block,task,is_practice,category,image,texture,duration,mask_dur,jitter,stim_time,time_of_resp,trial_response,mask_time,fix_time,jit_onset,trial_end,trial_accuracy,RT
139,1,0,typicality,1,bathroom,bathroom_practice2.tif,222,1.5,0,1.48333333333333,735.423200208,744.741092833,5,NaN,744.764157291,744.7848385,746.261707708,NaN,NaN
139,2,0,typicality,1,bathroom,bathroom_practice4.tif,224,1.5,0,0.75,746.329267125,751.9892225,6,NaN,751.999147916,752.018099583,752.761447541,NaN,NaN
139,3,0,typicality,1,bathroom,bathroom_practice1.tif,221,1.5,0,1.93333333333333,752.769037666,757.702084625,2,NaN,757.7092925,757.72810125,759.654931875,NaN,NaN
139,4,0,typicality,1,bathroom,bathroom_practice5.tif,225,1.5,0,0.983333333333333,759.685116583,763.605332291,1,NaN,763.612927916,763.631724041,764.608407041,NaN,NaN
139,5,0,typicality,1,bathroom,bathroom_practice3.tif,223,1.5,0,0.883333333333333,764.618559541,769.773762583,3,NaN,769.783965083,769.803318708,770.68006125,NaN,NaN
