sub_num,trial,block,task,is_practice,category,image,texture,duration,mask_dur,jitter,stim_time,time_of_resp,trial_response,mask_time,fix_time,jit_onset,trial_end,trial_accuracy,RT
128,6,0,aesthetic,1,kitchen,kitchen_practice2.tif,227,1.5,0,1.08333333333333,14917.679962167,14922.292731375,4,NaN,14922.29947675,14922.3183955,14923.39544975,NaN,NaN
128,7,0,aesthetic,1,kitchen,kitchen_practice1.tif,226,1.5,0,1.06666666666667,14923.418263917,14927.420015209,4,NaN,14927.426597375,14927.445047167,14928.505226834,NaN,NaN
128,8,0,aesthetic,1,kitchen,kitchen_practice4.tif,229,1.5,0,1.11666666666667,14928.533733625,14931.411958125,4,NaN,14931.418595167,14931.436975459,14932.547065709,NaN,NaN
128,9,0,aesthetic,1,kitchen,kitchen_practice3.tif,228,1.5,0,0.95,14932.559495375,14935.948010292,4,NaN,14935.954501625,14935.972811,14936.916150625,NaN,NaN
128,10,0,aesthetic,1,kitchen,kitchen_practice5.tif,230,1.5,0,0.9,14936.933587375,14939.67645825,4,NaN,14939.708374917,14939.731073917,14940.624414959,NaN,NaN
