sub_num,trial,block,task,is_practice,category,image,texture,duration,mask_dur,jitter,stim_time,time_of_resp,trial_response,mask_time,fix_time,jit_onset,trial_end,trial_accuracy,RT
131,1,0,familiarity,1,bathroom,bathroom_practice1.tif,221,1.5,0,0.916666666666667,11293.248494625,11297.400621958,7,NaN,11297.406651,11297.425023708,11298.335030625,NaN,NaN
131,2,0,familiarity,1,bathroom,bathroom_practice2.tif,222,1.5,0,0.85,11298.339504583,11301.221210583,1,NaN,11301.250582,11301.272159625,11302.115502541,NaN,NaN
131,3,0,familiarity,1,bathroom,bathroom_practice3.tif,223,1.5,0,0.883333333333333,11302.120530083,11305.400700333,3,NaN,11305.406693958,11305.425038833,11306.301713,NaN,NaN
131,4,0,familiarity,1,bathroom,bathroom_practice5.tif,225,1.5,0,1.43333333333333,11306.306283708,11309.80036925,2,NaN,11309.806173375,11309.824616125,11311.251364458,NaN,NaN
131,5,0,familiarity,1,bathroom,bathroom_practice4.tif,224,1.5,0,1.53333333333333,11311.267391083,11314.352799416,1,NaN,11314.358474708,11314.376852125,11315.903603958,NaN,NaN
