sub_num,trial,block,task,is_practice,category,image,texture,duration,mask_dur,jitter,stim_time,time_of_resp,trial_response,mask_time,fix_time,jit_onset,trial_end,trial_accuracy,RT
120,1,0,complexity,1,bathroom,bathroom_practice3.tif,223,1.5,0,1.56666666666667,2445.555772916,2449.087360958,3,NaN,2449.093148541,2449.111492833,2450.671525666,NaN,NaN
120,2,0,complexity,1,bathroom,bathroom_practice5.tif,225,1.5,0,1.1,2450.6887775,2453.22333875,3,NaN,2453.229143125,2453.247457416,2454.340843375,NaN,NaN
120,3,0,complexity,1,bathroom,bathroom_practice2.tif,222,1.5,0,1.51666666666667,2454.349709541,2459.192037291,6,NaN,2459.1978425,2459.216394208,2460.726428041,NaN,NaN
120,4,0,complexity,1,bathroom,bathroom_practice4.tif,224,1.5,0,1.15,2460.742800375,2465.223741958,3,NaN,2465.229497875,2465.248078958,2466.391448,NaN,NaN
120,5,0,complexity,1,bathroom,bathroom_practice1.tif,221,1.5,0,1.26666666666667,2466.399649125,2468.879799791,2,NaN,2468.885238833,2468.903675416,2470.16371025,NaN,NaN
