sub_num,trial,block,task,is_practice,category,image,texture,duration,mask_dur,jitter,stim_time,time_of_resp,trial_response,mask_time,fix_time,jit_onset,trial_end,trial_accuracy,RT
120,1,0,familiarity,1,bathroom,bathroom_practice1.tif,221,1.5,0,0.916666666666667,1122.159152166,1127.332478333,6,NaN,1127.33852575,1127.356811416,1128.266816583,NaN,NaN
120,2,0,familiarity,1,bathroom,bathroom_practice2.tif,222,1.5,0,0.85,1128.272145875,1133.612816916,2,NaN,1133.618747375,1133.637303208,1134.480643041,NaN,NaN
120,3,0,familiarity,1,bathroom,bathroom_practice3.tif,223,1.5,0,0.883333333333333,1134.485989791,1137.120660875,5,NaN,1137.145178291,1137.166597375,1138.043269166,NaN,NaN
120,4,0,familiarity,1,bathroom,bathroom_practice5.tif,225,1.5,0,1.43333333333333,1138.048880083,1143.30863725,4,NaN,1143.314457208,1143.3328015,1144.759518875,NaN,NaN
120,5,0,familiarity,1,bathroom,bathroom_practice4.tif,224,1.5,0,1.53333333333333,1144.776554666,1151.164479583,7,NaN,1151.1704015,1151.188860125,1152.715571666,NaN,NaN
