sub_num,trial,block,task,is_practice,category,image,texture,duration,mask_dur,jitter,stim_time,time_of_resp,trial_response,mask_time,fix_time,jit_onset,trial_end,trial_accuracy,RT
138,6,0,complexity,1,kitchen,kitchen_practice5.tif,230,1.5,0,1.46666666666667,2618.792100208,2622.026427083,2,NaN,2622.032794916,2622.051201791,2623.511291208,NaN,NaN
138,7,0,complexity,1,kitchen,kitchen_practice2.tif,227,1.5,0,1.31666666666667,2623.523317625,2625.834891083,6,NaN,2625.840452791,2625.858686833,2627.168789083,NaN,NaN
138,8,0,complexity,1,kitchen,kitchen_practice4.tif,229,1.5,0,1.76666666666667,2627.186857625,2629.914160791,6,NaN,2629.9197375,2629.938079666,2631.698166416,NaN,NaN
138,9,0,complexity,1,kitchen,kitchen_practice1.tif,226,1.5,0,0.816666666666667,2631.717965833,2634.363871916,6,NaN,2634.392549125,2634.416105375,2635.226114583,NaN,NaN
138,10,0,complexity,1,kitchen,kitchen_practice3.tif,228,1.5,0,0.9,2635.230838541,2638.276475958,6,NaN,2638.287958583,2638.30761575,2639.20095625,NaN,NaN
