sub_num,trial,block,task,is_practice,category,image,texture,duration,mask_dur,jitter,stim_time,time_of_resp,trial_response,mask_time,fix_time,jit_onset,trial_end,trial_accuracy,RT
120,1,0,aesthetic,1,bathroom,bathroom_practice1.tif,221,1.5,0,1.6,1567.879038916,1571.691108958,2,NaN,1571.69656225,1571.714700166,1573.308067083,NaN,NaN
120,2,0,aesthetic,1,bathroom,bathroom_practice2.tif,222,1.5,0,1.26666666666667,1573.326410166,1577.650742333,6,NaN,1577.656301541,1577.6745305,1578.934561458,NaN,NaN
120,3,0,aesthetic,1,bathroom,bathroom_practice3.tif,223,1.5,0,1.15,1578.951290583,1581.739394458,3,NaN,1581.744839333,1581.763081291,1582.906452625,NaN,NaN
120,4,0,aesthetic,1,bathroom,bathroom_practice4.tif,224,1.5,0,1.75,1582.915359875,1587.619268375,2,NaN,1587.625211458,1587.643607583,1589.38699925,NaN,NaN
120,5,0,aesthetic,1,bathroom,bathroom_practice5.tif,225,1.5,0,0.85,1589.4040745,1592.047304041,4,NaN,1592.075683291,1592.099106708,1592.942447,NaN,NaN
