sub_num,trial,block,task,is_practice,category,image,texture,duration,mask_dur,jitter,stim_time,time_of_resp,trial_response,mask_time,fix_time,jit_onset,trial_end,trial_accuracy,RT
120,1,0,usability,1,bathroom,bathroom_practice3.tif,223,1.5,0,0.983333333333333,1499654.9828993,1499657.7658243,51,NaN,1499656.4858999,1499657.7713313,1499658.7530059,NaN,NaN
120,2,0,usability,1,bathroom,bathroom_practice4.tif,224,1.5,0,1.78333333333333,1499658.7607349,1499660.5223426,54,NaN,1499660.264079,1499660.5279061,1499662.3095789,NaN,NaN
120,3,0,usability,1,bathroom,bathroom_practice5.tif,225,1.5,0,1.78333333333333,1499662.3161904,1499664.1796014,51,NaN,1499663.8196089,1499664.185129,1499665.9668043,NaN,NaN
120,4,0,usability,1,bathroom,bathroom_practice2.tif,222,1.5,0,1.26666666666667,1499665.9734052,1499668.0996478,50,NaN,1499667.4762361,1499668.1051994,1499669.3702043,NaN,NaN
120,5,0,usability,1,bathroom,bathroom_practice1.tif,221,1.5,0,1.05,1499669.3765036,1499671.7805809,53,NaN,1499670.8798631,1499671.7869897,1499672.8353279,NaN,NaN
