sub_num,trial,block,task,is_practice,category,image,texture,duration,mask_dur,jitter,stim_time,time_of_resp,trial_response,mask_time,fix_time,jit_onset,trial_end,trial_accuracy,RT
120,6,0,usability,1,kitchen,kitchen_practice2.tif,227,1.5,0,1.13333333333333,1491325.5459973,1491327.6181309,52,NaN,1491327.0490428,1491327.6235238,1491328.7551961,NaN,NaN
120,7,0,usability,1,kitchen,kitchen_practice3.tif,228,1.5,0,0.933333333333333,1491328.762127,1491330.7414596,51,NaN,1491330.2658061,1491330.7476997,1491331.6793733,NaN,NaN
120,8,0,usability,1,kitchen,kitchen_practice1.tif,226,1.5,0,1.48333333333333,1491331.6855468,1491334.3098948,52,NaN,1491333.188489,1491334.3154106,1491335.7970852,NaN,NaN
120,9,0,usability,1,kitchen,kitchen_practice4.tif,229,1.5,0,1.33333333333333,1491335.8035075,1491337.3992949,54,NaN,1491337.3065384,1491337.4052064,1491338.7368781,NaN,NaN
120,10,0,usability,1,kitchen,kitchen_practice5.tif,230,1.5,0,1.3,1491338.7427819,1491340.6044023,54,NaN,1491340.2464452,1491340.6100858,1491341.9084265,NaN,NaN
