sub_num,trial,block,task,is_practice,category,image,texture,duration,mask_dur,jitter,stim_time,time_of_resp,trial_response,mask_time,fix_time,jit_onset,trial_end,trial_accuracy,RT
125,6,0,usability,1,kitchen,kitchen_practice2.tif,227,1.5,0,1.13333333333333,2999.325793041,3002.896130958,4,NaN,3002.901943958,3002.920113375,3004.046881041,NaN,NaN
125,7,0,usability,1,kitchen,kitchen_practice3.tif,228,1.5,0,0.933333333333333,3004.057582833,3007.49656675,6,NaN,3007.502270458,3007.520486333,3008.447161291,NaN,NaN
125,8,0,usability,1,kitchen,kitchen_practice1.tif,226,1.5,0,1.48333333333333,3008.452696333,3012.904645541,5,NaN,3012.9103145,3012.928620333,3014.405373583,NaN,NaN
125,9,0,usability,1,kitchen,kitchen_practice4.tif,229,1.5,0,1.33333333333333,3014.422917875,3017.384261375,6,NaN,3017.389892916,3017.408172583,3018.734934541,NaN,NaN
125,10,0,usability,1,kitchen,kitchen_practice5.tif,230,1.5,0,1.3,3018.755141916,3021.727764666,4,NaN,3021.733661,3021.7522055,3023.045605625,NaN,NaN
