sub_num,trial,block,task,is_practice,category,image,texture,duration,mask_dur,jitter,stim_time,time_of_resp,trial_response,mask_time,fix_time,jit_onset,trial_end,trial_accuracy,RT
115,1,0,familiarity,1,bathroom,bathroom_practice1.tif,221,1.5,0,0.916666666666667,11505.320785792,11510.977761834,4,NaN,11510.983891167,11511.00305575,11511.913060709,NaN,NaN
115,2,0,familiarity,1,bathroom,bathroom_practice2.tif,222,1.5,0,0.85,11511.919208417,11515.5376375,1,NaN,11515.54360125,11515.56200625,11516.40534425,NaN,NaN
115,3,0,familiarity,1,bathroom,bathroom_practice3.tif,223,1.5,0,0.883333333333333,11516.410718375,11520.050418042,3,NaN,11520.056013459,11520.074392834,11520.951065709,NaN,NaN
115,4,0,familiarity,1,bathroom,bathroom_practice5.tif,225,1.5,0,1.43333333333333,11520.9563725,11525.137775125,3,NaN,11525.143738959,11525.162131125,11526.588829917,NaN,NaN
115,5,0,familiarity,1,bathroom,bathroom_practice4.tif,224,1.5,0,1.53333333333333,11526.607388084,11534.433912084,3,NaN,11534.439673209,11534.458174417,11535.984879792,NaN,NaN
