sub_num,trial,block,task,is_practice,category,image,texture,duration,mask_dur,jitter,stim_time,time_of_resp,trial_response,mask_time,fix_time,jit_onset,trial_end,trial_accuracy,RT
128,6,0,familiarity,1,kitchen,kitchen_practice2.tif,227,1.5,0,0.733333333333333,14681.0564875,14685.086101917,4,NaN,14685.091920042,14685.110292459,14685.836966042,NaN,NaN
128,7,0,familiarity,1,kitchen,kitchen_practice3.tif,228,1.5,0,1.3,14685.851503792,14689.053633542,2,NaN,14689.060565792,14689.07899225,14690.372400084,NaN,NaN
128,8,0,familiarity,1,kitchen,kitchen_practice1.tif,226,1.5,0,2,14690.395776667,14692.845265709,2,NaN,14692.851048792,14692.869442042,14694.862832125,NaN,NaN
128,9,0,familiarity,1,kitchen,kitchen_practice5.tif,230,1.5,0,1.81666666666667,14694.881949792,14697.330043959,1,NaN,14697.358793334,14697.382699,14699.192757125,NaN,NaN
128,10,0,familiarity,1,kitchen,kitchen_practice4.tif,229,1.5,0,0.75,14699.205718125,14701.66980525,1,NaN,14701.697440709,14701.720633625,14702.464040959,NaN,NaN
