sub_num,trial,block,task,is_practice,category,image,texture,duration,mask_dur,jitter,stim_time,time_of_resp,trial_response,mask_time,fix_time,jit_onset,trial_end,trial_accuracy,RT
121,6,0,typicality,1,kitchen,kitchen_practice2.tif,227,1.5,0,0.966666666666667,8431.896612166,8438.823946041,5,NaN,8438.8460925,8438.8676425,8439.827768583,NaN,NaN
121,7,0,typicality,1,kitchen,kitchen_practice5.tif,230,1.5,0,1.58333333333333,8439.839212041,8443.064193291,5,NaN,8443.074385666,8443.093303583,8444.670148541,NaN,NaN
121,8,0,typicality,1,kitchen,kitchen_practice1.tif,226,1.5,0,1.03333333333333,8444.694541875,8448.416351583,6,NaN,8448.42260925,8448.440901708,8449.467646083,NaN,NaN
121,9,0,typicality,1,kitchen,kitchen_practice4.tif,229,1.5,0,1.68333333333333,8449.487668708,8452.487644083,5,NaN,8452.494376875,8452.512727083,8454.18946,NaN,NaN
121,10,0,typicality,1,kitchen,kitchen_practice3.tif,228,1.5,0,1.45,8454.220259041,8458.216063541,6,NaN,8458.224720958,8458.243098291,8459.686778291,NaN,NaN
