sub_num,trial,block,task,is_practice,category,image,texture,duration,mask_dur,jitter,stim_time,time_of_resp,trial_response,mask_time,fix_time,jit_onset,trial_end,trial_accuracy,RT
111,6,0,usability,1,kitchen,kitchen_practice2.tif,227,1.5,0,1.13333333333333,2802.123281833,2806.1709575,5,NaN,2806.177518708,2806.195832083,2807.322538041,NaN,NaN
111,7,0,usability,1,kitchen,kitchen_practice3.tif,228,1.5,0,0.933333333333333,2807.333821291,2810.130879166,7,NaN,2810.136828208,2810.155114833,2811.081786041,NaN,NaN
111,8,0,usability,1,kitchen,kitchen_practice1.tif,226,1.5,0,1.48333333333333,2811.086218666,2813.928078791,6,NaN,2813.954088958,2813.977530708,2815.454247708,NaN,NaN
111,9,0,usability,1,kitchen,kitchen_practice4.tif,229,1.5,0,1.33333333333333,2815.468465333,2818.515649791,6,NaN,2818.521068166,2818.53943,2819.8661505,NaN,NaN
111,10,0,usability,1,kitchen,kitchen_practice5.tif,230,1.5,0,1.3,2819.881488041,2822.515489708,4,NaN,2822.520937458,2822.539263708,2823.832654083,NaN,NaN
