sub_num,trial,block,task,is_practice,category,image,texture,duration,mask_dur,jitter,stim_time,time_of_resp,trial_response,mask_time,fix_time,jit_onset,trial_end,trial_accuracy,RT
101,6,0,usability,1,kitchen,kitchen_practice2.tif,227,1.5,0,1.13333333333333,3759.651524083,3765.66014825,4,NaN,3765.665689666,3765.683748541,3766.810459041,NaN,NaN
101,7,0,usability,1,kitchen,kitchen_practice3.tif,228,1.5,0,0.933333333333333,3766.821540666,3770.859977125,4,NaN,3770.866031041,3770.88425125,3771.810923875,NaN,NaN
101,8,0,usability,1,kitchen,kitchen_practice1.tif,226,1.5,0,1.48333333333333,3771.818372541,3774.812621,4,NaN,3774.838650625,3774.861777666,3776.338485375,NaN,NaN
101,9,0,usability,1,kitchen,kitchen_practice4.tif,229,1.5,0,1.33333333333333,3776.357674625,3779.33139925,4,NaN,3779.337213375,3779.355484666,3780.682189166,NaN,NaN
101,10,0,usability,1,kitchen,kitchen_practice5.tif,230,1.5,0,1.3,3780.702266875,3783.916187208,5,NaN,3783.921812041,3783.940116875,3785.233512541,NaN,NaN
