sub_num,trial,block,task,is_practice,category,image,texture,duration,mask_dur,jitter,stim_time,time_of_resp,trial_response,mask_time,fix_time,jit_onset,trial_end,trial_accuracy,RT
120,6,0,familiarity,1,kitchen,kitchen_practice2.tif,227,1.5,0,0.733333333333333,3362.612375833,3370.155816291,2,NaN,3370.161976125,3370.180942166,3370.907615916,NaN,NaN
120,7,0,familiarity,1,kitchen,kitchen_practice3.tif,228,1.5,0,1.3,3370.911884375,3373.175391875,3,NaN,3373.195832625,3373.217365291,3374.510780291,NaN,NaN
120,8,0,familiarity,1,kitchen,kitchen_practice1.tif,226,1.5,0,2,3374.528601708,3378.083864583,1,NaN,3378.089501375,3378.107897291,3380.1012925,NaN,NaN
120,9,0,familiarity,1,kitchen,kitchen_practice5.tif,230,1.5,0,1.81666666666667,3380.11729925,3383.348107583,4,NaN,3383.353694958,3383.372058875,3385.182126458,NaN,NaN
120,10,0,familiarity,1,kitchen,kitchen_practice4.tif,229,1.5,0,0.75,3385.200827541,3388.165419916,2,NaN,3388.193622625,3388.216560583,3388.959903375,NaN,NaN
