sub_num,trial,block,task,is_practice,category,image,texture,duration,mask_dur,jitter,stim_time,time_of_resp,trial_response,mask_time,fix_time,jit_onset,trial_end,trial_accuracy,RT
141,1,0,usability,1,bathroom,bathroom_practice3.tif,223,1.5,0,0.983333333333333,7696.939054708,7701.784693958,6,NaN,7701.792345958,7701.81155425,7702.788317167,NaN,NaN
141,2,0,usability,1,bathroom,bathroom_practice4.tif,224,1.5,0,1.78333333333333,7702.794406417,7705.643760458,7,NaN,7705.673255042,7705.696648167,7707.473524458,NaN,NaN
141,3,0,usability,1,bathroom,bathroom_practice5.tif,225,1.5,0,1.78333333333333,7707.493555417,7710.60394275,6,NaN,7710.632847458,7710.65689025,7712.433599875,NaN,NaN
141,4,0,usability,1,bathroom,bathroom_practice2.tif,222,1.5,0,1.26666666666667,7712.452308375,7718.088191042,6,NaN,7718.094003083,7718.112392042,7719.372444417,NaN,NaN
141,5,0,usability,1,bathroom,bathroom_practice1.tif,221,1.5,0,1.05,7719.389843875,7722.504173125,7,NaN,7722.509924208,7722.528391167,7723.57175875,NaN,NaN
