sub_num,trial,block,task,is_practice,category,image,texture,duration,mask_dur,jitter,stim_time,time_of_resp,trial_response,mask_time,fix_time,jit_onset,trial_end,trial_accuracy,RT
110,6,0,familiarity,1,kitchen,kitchen_practice2.tif,227,1.5,0,0.733333333333333,3690.980023208,3693.988302333,3,NaN,3694.015967625,3694.040151875,3694.766826875,NaN,NaN
110,7,0,familiarity,1,kitchen,kitchen_practice3.tif,228,1.5,0,1.3,3694.771700292,3697.975249208,3,NaN,3697.992258917,3698.010679125,3699.304082333,NaN,NaN
110,8,0,familiarity,1,kitchen,kitchen_practice1.tif,226,1.5,0,2,3699.321964958,3701.6752625,2,NaN,3701.691836458,3701.710300833,3703.703703042,NaN,NaN
110,9,0,familiarity,1,kitchen,kitchen_practice5.tif,230,1.5,0,1.81666666666667,3703.714891458,3706.452058167,5,NaN,3706.503943583,3706.52795225,3708.33803475,NaN,NaN
110,10,0,familiarity,1,kitchen,kitchen_practice4.tif,229,1.5,0,0.75,3708.357695917,3711.056416042,6,NaN,3711.110278583,3711.133838583,3711.87718275,NaN,NaN
