sub_num,trial,block,task,is_practice,category,image,texture,duration,mask_dur,jitter,stim_time,time_of_resp,trial_response,mask_time,fix_time,jit_onset,trial_end,trial_accuracy,RT
105,1,0,aesthetic,1,bathroom,bathroom_practice1.tif,221,1.5,0,1.6,16327.489402583,16330.937775833,1,NaN,16330.944171167,16330.962426125,16332.555836542,NaN,NaN
105,2,0,aesthetic,1,bathroom,bathroom_practice2.tif,222,1.5,0,1.26666666666667,16332.570181458,16335.219800083,1,NaN,16335.249919083,16335.273836833,16336.533910875,NaN,NaN
105,3,0,aesthetic,1,bathroom,bathroom_practice3.tif,223,1.5,0,1.15,16336.55129625,16340.186549875,2,NaN,16340.19245975,16340.211146833,16341.354566625,NaN,NaN
105,4,0,aesthetic,1,bathroom,bathroom_practice4.tif,224,1.5,0,1.75,16341.36508325,16344.874496958,2,NaN,16344.8804685,16344.898941542,16346.642304,NaN,NaN
105,5,0,aesthetic,1,bathroom,bathroom_practice5.tif,225,1.5,0,0.85,16346.651986708,16349.730302208,3,NaN,16349.7638005,16349.787295167,16350.630635667,NaN,NaN
