sub_num,trial,block,task,is_practice,category,image,texture,duration,mask_dur,jitter,stim_time,time_of_resp,trial_response,mask_time,fix_time,jit_onset,trial_end,trial_accuracy,RT
131,1,0,usability,1,bathroom,bathroom_practice3.tif,223,1.5,0,0.983333333333333,11912.500537291,11916.310647875,5,NaN,11916.316989458,11916.335371375,11917.312049833,NaN,NaN
131,2,0,usability,1,bathroom,bathroom_practice4.tif,224,1.5,0,1.78333333333333,11917.316620166,11920.309414916,1,NaN,11920.339047666,11920.359640666,11922.136408458,NaN,NaN
131,3,0,usability,1,bathroom,bathroom_practice5.tif,225,1.5,0,1.78333333333333,11922.154309125,11925.110448625,6,NaN,11925.140593625,11925.164470958,11926.941207,NaN,NaN
131,4,0,usability,1,bathroom,bathroom_practice2.tif,222,1.5,0,1.26666666666667,11926.9560685,11930.067343166,1,NaN,11930.096717708,11930.119844041,11931.379916083,NaN,NaN
131,5,0,usability,1,bathroom,bathroom_practice1.tif,221,1.5,0,1.05,11931.391407625,11934.774406458,7,NaN,11934.779903541,11934.798337375,11935.841731416,NaN,NaN
