sub_num,trial,block,task,is_practice,category,image,texture,duration,mask_dur,jitter,stim_time,time_of_resp,trial_response,mask_time,fix_time,jit_onset,trial_end,trial_accuracy,RT
105,1,0,usability,1,bathroom,bathroom_practice3.tif,223,1.5,0,0.983333333333333,16628.92607825,16633.993185708,2,NaN,16634.000213875,16634.018767167,16634.995443333,NaN,NaN
105,2,0,usability,1,bathroom,bathroom_practice4.tif,224,1.5,0,1.78333333333333,16635.009044,16638.168387833,2,NaN,16638.175323917,16638.195165417,16639.971914708,NaN,NaN
105,3,0,usability,1,bathroom,bathroom_practice5.tif,225,1.5,0,1.78333333333333,16639.9898325,16644.472596792,4,NaN,16644.4787755,16644.497177125,16646.273932333,NaN,NaN
105,4,0,usability,1,bathroom,bathroom_practice2.tif,222,1.5,0,1.26666666666667,16646.291617417,16649.929483833,3,NaN,16649.935146667,16649.953612125,16651.213709833,NaN,NaN
105,5,0,usability,1,bathroom,bathroom_practice1.tif,221,1.5,0,1.05,16651.232576708,16656.1771865,4,NaN,16656.1830095,16656.201363958,16657.244773083,NaN,NaN
