sub_num,trial,block,task,is_practice,category,image,texture,duration,mask_dur,jitter,stim_time,time_of_resp,trial_response,mask_time,fix_time,jit_onset,trial_end,trial_accuracy,RT
139,6,0,complexity,1,kitchen,kitchen_practice5.tif,230,1.5,0,1.46666666666667,3546.945401375,3549.751183375,2,NaN,3549.774851291,3549.7980245,3551.258111625,NaN,NaN
139,7,0,complexity,1,kitchen,kitchen_practice2.tif,227,1.5,0,1.31666666666667,3551.278118791,3553.533958875,7,NaN,3553.53965975,3553.55801575,3554.868123958,NaN,NaN
139,8,0,complexity,1,kitchen,kitchen_practice4.tif,229,1.5,0,1.76666666666667,3554.886211541,3557.109943916,6,NaN,3557.11549275,3557.13387375,3558.893931291,NaN,NaN
139,9,0,complexity,1,kitchen,kitchen_practice1.tif,226,1.5,0,0.816666666666667,3558.9129615,3561.833531666,7,NaN,3561.862338458,3561.884920291,3562.694928875,NaN,NaN
139,10,0,complexity,1,kitchen,kitchen_practice3.tif,228,1.5,0,0.9,3562.699665,3565.521940666,3,NaN,3565.550877416,3565.574293541,3566.467636291,NaN,NaN
