sub_num,trial,block,task,is_practice,category,image,texture,duration,mask_dur,jitter,stim_time,time_of_resp,trial_response,mask_time,fix_time,jit_onset,trial_end,trial_accuracy,RT
120,1,0,usability,1,bathroom,bathroom_practice3.tif,223,1.5,0,0.983333333333333,1999.28395425,2002.833112583,5,NaN,2002.839241875,2002.858020375,2003.834751,NaN,NaN
120,2,0,usability,1,bathroom,bathroom_practice4.tif,224,1.5,0,1.78333333333333,2003.839802333,2008.457679541,3,NaN,2008.463287416,2008.481766416,2010.258637083,NaN,NaN
120,3,0,usability,1,bathroom,bathroom_practice5.tif,225,1.5,0,1.78333333333333,2010.2770715,2012.877051416,4,NaN,2012.902632541,2012.926433541,2014.703151958,NaN,NaN
120,4,0,usability,1,bathroom,bathroom_practice2.tif,222,1.5,0,1.26666666666667,2014.72100025,2020.185747208,6,NaN,2020.191171208,2020.209486458,2021.4695335,NaN,NaN
120,5,0,usability,1,bathroom,bathroom_practice1.tif,221,1.5,0,1.05,2021.488135166,2024.305054833,2,NaN,2024.310675791,2024.3290015,2025.372375958,NaN,NaN
