sub_num,trial,block,task,is_practice,category,image,texture,duration,mask_dur,jitter,stim_time,time_of_resp,trial_response,mask_time,fix_time,jit_onset,trial_end,trial_accuracy,RT
112,1,0,usability,1,bathroom,bathroom_practice3.tif,223,1.5,0,0.983333333333333,1464.444219791,1468.927084291,6,NaN,1468.934718208,1468.953527916,1469.930274666,NaN,NaN
112,2,0,usability,1,bathroom,bathroom_practice4.tif,224,1.5,0,1.78333333333333,1469.936207958,1472.42206925,1,NaN,1472.442666041,1472.466689541,1474.243538541,NaN,NaN
112,3,0,usability,1,bathroom,bathroom_practice5.tif,225,1.5,0,1.78333333333333,1474.25860425,1476.930720083,7,NaN,1476.960848958,1476.984788791,1478.7615,NaN,NaN
112,4,0,usability,1,bathroom,bathroom_practice2.tif,222,1.5,0,1.26666666666667,1478.779896375,1481.510470791,1,NaN,1481.539733708,1481.563036333,1482.82307425,NaN,NaN
112,5,0,usability,1,bathroom,bathroom_practice1.tif,221,1.5,0,1.05,1482.838236166,1485.503117916,2,NaN,1485.508991083,1485.527426791,1486.570810625,NaN,NaN
