sub_num,trial,block,task,is_practice,category,image,texture,duration,mask_dur,jitter,stim_time,time_of_resp,trial_response,mask_time,fix_time,jit_onset,trial_end,trial_accuracy,RT
117,6,0,aesthetic,1,kitchen,kitchen_practice2.tif,227,1.5,0,1.08333333333333,1471128.9483403,1471128.9486741,55,NaN,1471130.4498169,1471130.4557897,1471131.5374599,NaN,NaN
117,7,0,aesthetic,1,kitchen,kitchen_practice1.tif,226,1.5,0,1.06666666666667,1471131.5414126,1471137.7849748,56,NaN,1471133.0434577,1471148.2342432,1471149.2992485,NaN,NaN
117,8,0,aesthetic,1,kitchen,kitchen_practice4.tif,229,1.5,0,1.11666666666667,1471149.3034498,1471149.3036328,55,NaN,1471150.8053295,1471150.8116349,1471151.9266383,NaN,NaN
117,9,0,aesthetic,1,kitchen,kitchen_practice3.tif,228,1.5,0,0.95,1471151.9309917,1471151.9311753,55,NaN,1471153.4327063,1471153.4389693,1471154.3873071,NaN,NaN
117,10,0,aesthetic,1,kitchen,kitchen_practice5.tif,230,1.5,0,0.9,1471154.3911815,1471154.3913606,55,NaN,1471155.8931013,1471155.8992497,1471156.7975876,NaN,NaN
