sub_num,trial,block,task,is_practice,category,image,texture,duration,mask_dur,jitter,stim_time,time_of_resp,trial_response,mask_time,fix_time,jit_onset,trial_end,trial_accuracy,RT
117,6,0,typicality,1,kitchen,kitchen_practice2.tif,227,1.5,0,0.966666666666667,2511.876548625,2516.49754075,5,NaN,2516.518790958,2516.540138916,2517.500257291,NaN,NaN
117,7,0,typicality,1,kitchen,kitchen_practice5.tif,230,1.5,0,1.58333333333333,2517.512027958,2519.962535833,6,NaN,2520.009992458,2520.053042291,2521.62994725,NaN,NaN
117,8,0,typicality,1,kitchen,kitchen_practice1.tif,226,1.5,0,1.03333333333333,2521.660096666,2524.441163583,4,NaN,2524.447225958,2524.465713125,2525.492470958,NaN,NaN
117,9,0,typicality,1,kitchen,kitchen_practice4.tif,229,1.5,0,1.68333333333333,2525.51331925,2528.225415708,7,NaN,2528.23199025,2528.250305958,2529.927049208,NaN,NaN
117,10,0,typicality,1,kitchen,kitchen_practice3.tif,228,1.5,0,1.45,2529.957899291,2532.859748666,6,NaN,2532.899077416,2532.920045833,2534.363433208,NaN,NaN
