sub_num,trial,block,task,is_practice,category,image,texture,duration,mask_dur,jitter,stim_time,time_of_resp,trial_response,mask_time,fix_time,jit_onset,trial_end,trial_accuracy,RT
109,6,0,usability,1,kitchen,kitchen_practice2.tif,227,1.5,0,1.13333333333333,9104.671109542,9108.76831225,4,NaN,9108.774218417,9108.792582833,9109.919339458,NaN,NaN
109,7,0,usability,1,kitchen,kitchen_practice3.tif,228,1.5,0,0.933333333333333,9109.93009725,9113.120105542,4,NaN,9113.125999583,9113.144326958,9114.071000333,NaN,NaN
109,8,0,usability,1,kitchen,kitchen_practice1.tif,226,1.5,0,1.48333333333333,9114.075523792,9117.487434292,4,NaN,9117.493824542,9117.512149875,9118.988916667,NaN,NaN
109,9,0,usability,1,kitchen,kitchen_practice4.tif,229,1.5,0,1.33333333333333,9119.008839333,9121.903361458,5,NaN,9121.909664958,9121.928048625,9123.254813208,NaN,NaN
109,10,0,usability,1,kitchen,kitchen_practice5.tif,230,1.5,0,1.3,9123.274090708,9126.575773042,5,NaN,9126.581726708,9126.600103333,9127.89349675,NaN,NaN
