sub_num,trial,block,task,is_practice,category,image,texture,duration,mask_dur,jitter,stim_time,time_of_resp,trial_response,mask_time,fix_time,jit_onset,trial_end,trial_accuracy,RT
105,6,0,complexity,1,kitchen,kitchen_practice5.tif,230,1.5,0,1.46666666666667,18435.807605,18438.977980625,2,NaN,18438.985296542,18439.003652958,18440.4637145,NaN,NaN
105,7,0,complexity,1,kitchen,kitchen_practice2.tif,227,1.5,0,1.31666666666667,18440.481114625,18443.484250458,5,NaN,18443.501003917,18443.519370542,18444.829434583,NaN,NaN
105,8,0,complexity,1,kitchen,kitchen_practice4.tif,229,1.5,0,1.76666666666667,18444.84762875,18447.610318,4,NaN,18447.616164542,18447.634772417,18449.394868167,NaN,NaN
105,9,0,complexity,1,kitchen,kitchen_practice1.tif,226,1.5,0,0.816666666666667,18449.413464875,18452.463069625,4,NaN,18452.493846417,18452.517704958,18453.32771825,NaN,NaN
105,10,0,complexity,1,kitchen,kitchen_practice3.tif,228,1.5,0,0.9,18453.332485125,18456.425671125,3,NaN,18456.433007542,18456.451424375,18457.344764833,NaN,NaN
