sub_num,trial,block,task,is_practice,category,image,texture,duration,mask_dur,jitter,stim_time,time_of_resp,trial_response,mask_time,fix_time,jit_onset,trial_end,trial_accuracy,RT
123,1,0,familiarity,1,bathroom,bathroom_practice1.tif,221,1.5,0,0.916666666666667,1369.437495416,1375.010996166,1,NaN,1375.017865458,1375.036122875,1375.946129333,NaN,NaN
123,2,0,familiarity,1,bathroom,bathroom_practice2.tif,222,1.5,0,0.85,1375.95108875,1378.770650625,1,NaN,1378.799472333,1378.822898,1379.666237958,NaN,NaN
123,3,0,familiarity,1,bathroom,bathroom_practice3.tif,223,1.5,0,0.883333333333333,1379.672071666,1384.163232375,6,NaN,1384.168492833,1384.186735916,1385.063406791,NaN,NaN
123,4,0,familiarity,1,bathroom,bathroom_practice5.tif,225,1.5,0,1.43333333333333,1385.068495833,1388.5383585,5,NaN,1388.544028375,1388.562271166,1389.988989708,NaN,NaN
123,5,0,familiarity,1,bathroom,bathroom_practice4.tif,224,1.5,0,1.53333333333333,1390.006248416,1394.322623958,3,NaN,1394.328325791,1394.346668083,1395.873369208,NaN,NaN
