sub_num,trial,block,task,is_practice,category,image,texture,duration,mask_dur,jitter,stim_time,time_of_resp,trial_response,mask_time,fix_time,jit_onset,trial_end,trial_accuracy,RT
102,6,0,usability,1,kitchen,kitchen_practice2.tif,227,1.5,0,1.13333333333333,21067.517091416,21070.759386916,6,NaN,21070.765934708,21070.784272666,21071.911007625,NaN,NaN
102,7,0,usability,1,kitchen,kitchen_practice3.tif,228,1.5,0,0.933333333333333,21071.921096083,21077.175683458,4,NaN,21077.181379708,21077.19966475,21078.126344958,NaN,NaN
102,8,0,usability,1,kitchen,kitchen_practice1.tif,226,1.5,0,1.48333333333333,21078.130972875,21083.351841666,5,NaN,21083.357752916,21083.376141833,21084.852906916,NaN,NaN
102,9,0,usability,1,kitchen,kitchen_practice4.tif,229,1.5,0,1.33333333333333,21084.871907416,21087.912060416,7,NaN,21087.917475416,21087.935914791,21089.262657916,NaN,NaN
102,10,0,usability,1,kitchen,kitchen_practice5.tif,230,1.5,0,1.3,21089.277131958,21092.535613708,2,NaN,21092.541394875,21092.55977675,21093.85316725,NaN,NaN
