sub_num,trial,block,task,is_practice,category,image,texture,duration,mask_dur,jitter,stim_time,time_of_resp,trial_response,mask_time,fix_time,jit_onset,trial_end,trial_accuracy,RT
132,1,0,complexity,1,bathroom,bathroom_practice3.tif,223,1.5,0,1.56666666666667,8302.730341291,8320.92306175,2,NaN,8320.929715291,8320.948399791,8322.508458,NaN,NaN
132,2,0,complexity,1,bathroom,bathroom_practice5.tif,225,1.5,0,1.1,8322.527261583,8325.544636125,4,NaN,8325.574291125,8325.597735875,8326.691120375,NaN,NaN
132,3,0,complexity,1,bathroom,bathroom_practice2.tif,222,1.5,0,1.51666666666667,8326.700232,8329.315648541,7,NaN,8329.321220833,8329.3395315,8330.849567708,NaN,NaN
132,4,0,complexity,1,bathroom,bathroom_practice4.tif,224,1.5,0,1.15,8330.866257583,8334.259963958,1,NaN,8334.265374,8334.2838245,8335.427205083,NaN,NaN
132,5,0,complexity,1,bathroom,bathroom_practice1.tif,221,1.5,0,1.26666666666667,8335.437312625,8338.15545625,1,NaN,8338.161044958,8338.179384083,8339.439436458,NaN,NaN
