sub_num,trial,block,task,is_practice,category,image,texture,duration,mask_dur,jitter,stim_time,time_of_resp,trial_response,mask_time,fix_time,jit_onset,trial_end,trial_accuracy,RT
105,1,0,typicality,1,bathroom,bathroom_practice2.tif,222,1.5,0,1.48333333333333,15662.546348208,15669.348479375,5,NaN,15669.370918292,15669.392455375,15670.8701405,NaN,NaN
105,2,0,typicality,1,bathroom,bathroom_practice4.tif,224,1.5,0,0.75,15670.926292792,15675.356586333,3,NaN,15675.366801208,15675.386025625,15676.129379375,NaN,NaN
105,3,0,typicality,1,bathroom,bathroom_practice1.tif,221,1.5,0,1.93333333333333,15676.134860833,15683.1080855,2,NaN,15683.115217583,15683.134279542,15685.06102,NaN,NaN
105,4,0,typicality,1,bathroom,bathroom_practice5.tif,225,1.5,0,0.983333333333333,15685.092777,15690.148568083,4,NaN,15690.155580292,15690.1741275,15691.150800708,NaN,NaN
105,5,0,typicality,1,bathroom,bathroom_practice3.tif,223,1.5,0,0.883333333333333,15691.157092042,15698.540272667,4,NaN,15698.549825458,15698.56850075,15699.445177167,NaN,NaN
