sub_num,trial,block,task,is_practice,category,image,texture,duration,mask_dur,jitter,stim_time,time_of_resp,trial_response,mask_time,fix_time,jit_onset,trial_end,trial_accuracy,RT
139,1,0,familiarity,1,bathroom,bathroom_practice1.tif,221,1.5,0,0.916666666666667,1068.808094916,1073.349223208,4,NaN,1073.355006416,1073.373266625,1074.283270708,NaN,NaN
139,2,0,familiarity,1,bathroom,bathroom_practice2.tif,222,1.5,0,0.85,1074.288160083,1076.904342291,2,NaN,1076.934996833,1076.958374458,1077.801713375,NaN,NaN
139,3,0,familiarity,1,bathroom,bathroom_practice3.tif,223,1.5,0,0.883333333333333,1077.806617708,1080.836906083,5,NaN,1080.856218791,1080.877968875,1081.754639291,NaN,NaN
139,4,0,familiarity,1,bathroom,bathroom_practice5.tif,225,1.5,0,1.43333333333333,1081.7592355,1085.389024916,3,NaN,1085.394672583,1085.413027791,1086.839730333,NaN,NaN
139,5,0,familiarity,1,bathroom,bathroom_practice4.tif,224,1.5,0,1.53333333333333,1086.857923958,1089.996991083,6,NaN,1090.002723166,1090.021128208,1091.547837208,NaN,NaN
