sub_num,trial,block,task,is_practice,category,image,texture,duration,mask_dur,jitter,stim_time,time_of_resp,trial_response,mask_time,fix_time,jit_onset,trial_end,trial_accuracy,RT
103,6,0,usability,1,kitchen,kitchen_practice2.tif,227,1.5,0,1.13333333333333,3642.961558791,3646.93079125,4,NaN,3646.937390375,3646.955824708,3648.08260325,NaN,NaN
103,7,0,usability,1,kitchen,kitchen_practice3.tif,228,1.5,0,0.933333333333333,3648.092206833,3651.314627916,6,NaN,3651.320417,3651.338750208,3652.265427291,NaN,NaN
103,8,0,usability,1,kitchen,kitchen_practice1.tif,226,1.5,0,1.48333333333333,3652.269846375,3656.21141875,5,NaN,3656.217087916,3656.235282583,3657.712058708,NaN,NaN
103,9,0,usability,1,kitchen,kitchen_practice4.tif,229,1.5,0,1.33333333333333,3657.73143075,3660.682895583,4,NaN,3660.688459583,3660.706849541,3662.033595125,NaN,NaN
103,10,0,usability,1,kitchen,kitchen_practice5.tif,230,1.5,0,1.3,3662.048208125,3665.147267625,6,NaN,3665.152905583,3665.171229833,3666.46464025,NaN,NaN
