sub_num,trial,block,task,is_practice,category,image,texture,duration,mask_dur,jitter,stim_time,time_of_resp,trial_response,mask_time,fix_time,jit_onset,trial_end,trial_accuracy,RT
117,6,0,usability,1,kitchen,kitchen_practice2.tif,227,1.5,0,1.13333333333333,3331.995626583,3336.614745458,4,NaN,3336.620139125,3336.638593208,3337.765329708,NaN,NaN
117,7,0,usability,1,kitchen,kitchen_practice3.tif,228,1.5,0,0.933333333333333,3337.774291208,3341.350434708,5,NaN,3341.355975583,3341.37419,3342.300863041,NaN,NaN
117,8,0,usability,1,kitchen,kitchen_practice1.tif,226,1.5,0,1.48333333333333,3342.305194791,3349.446660375,2,NaN,3349.452605583,3349.470990291,3350.947746833,NaN,NaN
117,9,0,usability,1,kitchen,kitchen_practice4.tif,229,1.5,0,1.33333333333333,3350.963126916,3354.030921333,5,NaN,3354.036239416,3354.054617291,3355.381370208,NaN,NaN
117,10,0,usability,1,kitchen,kitchen_practice5.tif,230,1.5,0,1.3,3355.398903375,3359.278657833,5,NaN,3359.284055125,3359.302446916,3360.595856208,NaN,NaN
