sub_num,trial,block,task,is_practice,category,image,texture,duration,mask_dur,jitter,stim_time,time_of_resp,trial_response,mask_time,fix_time,jit_onset,trial_end,trial_accuracy,RT
130,6,0,familiarity,1,kitchen,kitchen_practice2.tif,227,1.5,0,0.733333333333333,2481.176278916,2484.376344041,3,NaN,2484.382986208,2484.401424833,2485.128122833,NaN,NaN
130,7,0,familiarity,1,kitchen,kitchen_practice3.tif,228,1.5,0,1.3,2485.145936458,2488.135284208,5,NaN,2488.165929583,2488.189945958,2489.48335675,NaN,NaN
130,8,0,familiarity,1,kitchen,kitchen_practice1.tif,226,1.5,0,2,2489.500770375,2492.111826083,1,NaN,2492.117885041,2492.136302666,2494.129691958,NaN,NaN
130,9,0,familiarity,1,kitchen,kitchen_practice5.tif,230,1.5,0,1.81666666666667,2494.142332791,2497.472306833,4,NaN,2497.479640041,2497.497978625,2499.308041958,NaN,NaN
130,10,0,familiarity,1,kitchen,kitchen_practice4.tif,229,1.5,0,0.75,2499.326698041,2503.128585875,2,NaN,2503.134389083,2503.152821333,2503.896165666,NaN,NaN
