sub_num,trial,block,task,is_practice,category,image,texture,duration,mask_dur,jitter,stim_time,time_of_resp,trial_response,mask_time,fix_time,jit_onset,trial_end,trial_accuracy,RT
102,6,0,familiarity,1,kitchen,kitchen_practice2.tif,227,1.5,0,0.733333333333333,20513.144539416,20517.074200916,5,NaN,20517.080105708,20517.09844075,20517.825114291,NaN,NaN
102,7,0,familiarity,1,kitchen,kitchen_practice3.tif,228,1.5,0,1.3,20517.82936525,20521.874251916,1,NaN,20521.879852833,20521.898141708,20523.191547875,NaN,NaN
102,8,0,familiarity,1,kitchen,kitchen_practice1.tif,226,1.5,0,2,20523.209016625,20525.978057958,1,NaN,20525.983632291,20526.00212425,20527.995517875,NaN,NaN
102,9,0,familiarity,1,kitchen,kitchen_practice5.tif,230,1.5,0,1.81666666666667,20528.013729166,20532.905495791,4,NaN,20532.911533875,20532.929903625,20534.739972166,NaN,NaN
102,10,0,familiarity,1,kitchen,kitchen_practice4.tif,229,1.5,0,0.75,20534.760867875,20537.989373208,5,NaN,20538.019664875,20538.043109208,20538.786452583,NaN,NaN
