sub_num,trial,block,task,is_practice,category,image,texture,duration,mask_dur,jitter,stim_time,time_of_resp,trial_response,mask_time,fix_time,jit_onset,trial_end,trial_accuracy,RT
102,1,0,typicality,1,bathroom,bathroom_practice2.tif,222,1.5,0,1.48333333333333,18239.335087416,18253.555594125,2,NaN,18253.579902583,18253.600342041,18255.077370541,NaN,NaN
102,2,0,typicality,1,bathroom,bathroom_practice4.tif,224,1.5,0,0.75,18255.149195625,18266.875365291,1,NaN,18266.885994291,18266.904814833,18267.648168,NaN,NaN
102,3,0,typicality,1,bathroom,bathroom_practice1.tif,221,1.5,0,1.93333333333333,18267.654401875,18272.939611041,3,NaN,18272.947353291,18272.966223333,18274.893076291,NaN,NaN
102,4,0,typicality,1,bathroom,bathroom_practice5.tif,225,1.5,0,0.983333333333333,18274.93053725,18280.771558375,6,NaN,18280.779822375,18280.798797333,18281.775477583,NaN,NaN
102,5,0,typicality,1,bathroom,bathroom_practice3.tif,223,1.5,0,0.883333333333333,18281.783822291,18287.986780708,3,NaN,18287.997664125,18288.017254791,18288.89399625,NaN,NaN
