sub_num,trial,block,task,is_practice,category,image,texture,duration,mask_dur,jitter,stim_time,time_of_resp,trial_response,mask_time,fix_time,jit_onset,trial_end,trial_accuracy,RT
129,6,0,familiarity,1,kitchen,kitchen_practice2.tif,227,1.5,0,0.733333333333333,6914.763782458,6919.001751042,2,NaN,6919.00748575,6919.025803833,6919.752475042,NaN,NaN
129,7,0,familiarity,1,kitchen,kitchen_practice3.tif,228,1.5,0,1.3,6919.757103458,6922.74919225,2,NaN,6922.777021708,6922.80048075,6924.093846333,NaN,NaN
129,8,0,familiarity,1,kitchen,kitchen_practice1.tif,226,1.5,0,2,6924.11060925,6926.913290458,2,NaN,6926.91898475,6926.937347208,6928.930732042,NaN,NaN
129,9,0,familiarity,1,kitchen,kitchen_practice5.tif,230,1.5,0,1.81666666666667,6928.947128083,6933.065263167,5,NaN,6933.070940333,6933.089209208,6934.899244708,NaN,NaN
129,10,0,familiarity,1,kitchen,kitchen_practice4.tif,229,1.5,0,0.75,6934.920250458,6938.401923333,2,NaN,6938.40723175,6938.425552625,6939.16889025,NaN,NaN
