sub_num,trial,block,task,is_practice,category,image,texture,duration,mask_dur,jitter,stim_time,time_of_resp,trial_response,mask_time,fix_time,jit_onset,trial_end,trial_accuracy,RT
103,1,0,typicality,1,bathroom,bathroom_practice2.tif,222,1.5,0,1.48333333333333,1090.203413291,1097.725420666,3,NaN,1097.748893416,1097.769339833,1099.24620475,NaN,NaN
103,2,0,typicality,1,bathroom,bathroom_practice4.tif,224,1.5,0,0.75,1099.315649333,1103.9734235,6,NaN,1103.983434875,1104.002305041,1104.745660875,NaN,NaN
103,3,0,typicality,1,bathroom,bathroom_practice1.tif,221,1.5,0,1.93333333333333,1104.752273083,1108.358127083,6,NaN,1108.365280333,1108.384301958,1110.311141041,NaN,NaN
103,4,0,typicality,1,bathroom,bathroom_practice5.tif,225,1.5,0,0.983333333333333,1110.347268708,1114.782097916,3,NaN,1114.789765041,1114.80857175,1115.785250625,NaN,NaN
103,5,0,typicality,1,bathroom,bathroom_practice3.tif,223,1.5,0,0.883333333333333,1115.793290041,1122.053422291,3,NaN,1122.063989333,1122.083382,1122.960131916,NaN,NaN
