sub_num,trial,block,task,is_practice,category,image,texture,duration,mask_dur,jitter,stim_time,time_of_resp,trial_response,mask_time,fix_time,jit_onset,trial_end,trial_accuracy,RT
128,1,0,complexity,1,bathroom,bathroom_practice3.tif,223,1.5,0,1.56666666666667,14007.036721875,14011.535627042,4,NaN,14011.558379084,14011.578691084,14013.138876042,NaN,NaN
128,2,0,complexity,1,bathroom,bathroom_practice5.tif,225,1.5,0,1.1,14013.204760792,14015.939304375,5,NaN,14015.982313,14016.009687584,14017.103210375,NaN,NaN
128,3,0,complexity,1,bathroom,bathroom_practice2.tif,222,1.5,0,1.51666666666667,14017.12378425,14020.552578792,7,NaN,14020.56021025,14020.579011125,14022.089231667,NaN,NaN
128,4,0,complexity,1,bathroom,bathroom_practice4.tif,224,1.5,0,1.15,14022.115798625,14024.96744775,2,NaN,14024.97546625,14024.994269125,14026.137799292,NaN,NaN
128,5,0,complexity,1,bathroom,bathroom_practice1.tif,221,1.5,0,1.26666666666667,14026.183685834,14030.856488542,3,NaN,14030.867119917,14030.886550417,14032.147579417,NaN,NaN
