sub_num,trial,block,task,is_practice,category,image,texture,duration,mask_dur,jitter,stim_time,time_of_resp,trial_response,mask_time,fix_time,jit_onset,trial_end,trial_accuracy,RT
116,6,0,familiarity,1,kitchen,kitchen_practice2.tif,227,1.5,0,0.733333333333333,2950.047135041,2990.702236666,2,NaN,2990.707888916,2990.726353708,2991.453028791,NaN,NaN
116,7,0,familiarity,1,kitchen,kitchen_practice3.tif,228,1.5,0,1.3,2991.45763075,2994.475264041,2,NaN,2994.499340208,2994.518202166,2995.811597125,NaN,NaN
116,8,0,familiarity,1,kitchen,kitchen_practice1.tif,226,1.5,0,2,2995.82688975,2999.310321,1,NaN,2999.316011,2999.334261375,3001.327656958,NaN,NaN
116,9,0,familiarity,1,kitchen,kitchen_practice5.tif,230,1.5,0,1.81666666666667,3001.345140375,3007.045778,5,NaN,3007.051500375,3007.0699995,3008.880060791,NaN,NaN
116,10,0,familiarity,1,kitchen,kitchen_practice4.tif,229,1.5,0,0.75,3008.899175041,3011.9451755,4,NaN,3011.974329833,3011.997608625,3012.740949708,NaN,NaN
