sub_num,trial,block,task,is_practice,category,image,texture,duration,mask_dur,jitter,stim_time,time_of_resp,trial_response,mask_time,fix_time,jit_onset,trial_end,trial_accuracy,RT
120,6,0,complexity,1,kitchen,kitchen_practice5.tif,230,1.5,0,1.46666666666667,1491688.9736805,1491690.4768107,50,NaN,1491690.4765791,1491690.5022917,1491691.9672982,NaN,NaN
120,7,0,complexity,1,kitchen,kitchen_practice2.tif,227,1.5,0,1.31666666666667,1491691.9733538,1491693.9172858,54,NaN,1491693.4773958,1491693.9228892,1491695.2378977,NaN,NaN
120,8,0,complexity,1,kitchen,kitchen_practice4.tif,229,1.5,0,1.76666666666667,1491695.2439897,1491697.1235939,54,NaN,1491696.7466509,1491697.1290439,1491698.8940675,NaN,NaN
120,9,0,complexity,1,kitchen,kitchen_practice1.tif,226,1.5,0,0.816666666666667,1491698.9006727,1491700.6354829,53,NaN,1491700.4033888,1491700.6408588,1491701.4558663,NaN,NaN
120,10,0,complexity,1,kitchen,kitchen_practice3.tif,228,1.5,0,0.9,1491701.4623812,1491703.1578334,51,NaN,1491702.965261,1491703.1646139,1491704.0629763,NaN,NaN
