sub_num,trial,block,task,is_practice,category,image,texture,duration,mask_dur,jitter,stim_time,time_of_resp,trial_response,mask_time,fix_time,jit_onset,trial_end,trial_accuracy,RT
120,1,0,complexity,1,bathroom,bathroom_practice3.tif,223,1.5,0,1.56666666666667,1499914.0481073,1499915.851572,53,NaN,1499915.5511875,1499915.8571483,1499917.4221558,NaN,NaN
120,2,0,complexity,1,bathroom,bathroom_practice5.tif,225,1.5,0,1.1,1499917.4287352,1499922.2413356,54,NaN,1499918.9325618,1499922.2469303,1499923.3452712,NaN,NaN
120,3,0,complexity,1,bathroom,bathroom_practice2.tif,222,1.5,0,1.51666666666667,1499923.3527845,1499924.8559869,55,NaN,1499924.8557789,1499924.882313,1499926.3973223,NaN,NaN
120,4,0,complexity,1,bathroom,bathroom_practice4.tif,224,1.5,0,1.15,1499926.4035604,1499928.4801962,51,NaN,1499927.9069736,1499928.4870564,1499929.6353946,NaN,NaN
120,5,0,complexity,1,bathroom,bathroom_practice1.tif,221,1.5,0,1.26666666666667,1499929.6412126,1499931.1441481,49,NaN,1499931.1439433,1499931.1705556,1499932.4355603,NaN,NaN
