sub_num,trial,block,task,is_practice,category,image,texture,duration,mask_dur,jitter,stim_time,time_of_resp,trial_response,mask_time,fix_time,jit_onset,trial_end,trial_accuracy,RT
136,1,0,familiarity,1,bathroom,bathroom_practice1.tif,221,1.5,0,0.916666666666667,1212.721304291,1216.560408916,5,NaN,1216.566605333,1216.585067541,1217.495073541,NaN,NaN
136,2,0,familiarity,1,bathroom,bathroom_practice2.tif,222,1.5,0,0.85,1217.499557166,1220.300096708,1,NaN,1220.329606208,1220.352848041,1221.196185291,NaN,NaN
136,3,0,familiarity,1,bathroom,bathroom_practice3.tif,223,1.5,0,0.883333333333333,1221.201025541,1223.972798791,6,NaN,1224.001650333,1224.025723208,1224.90239525,NaN,NaN
136,4,0,familiarity,1,bathroom,bathroom_practice5.tif,225,1.5,0,1.43333333333333,1224.907249291,1227.841634458,4,NaN,1227.870838041,1227.894394791,1229.32111275,NaN,NaN
136,5,0,familiarity,1,bathroom,bathroom_practice4.tif,224,1.5,0,1.53333333333333,1229.340961583,1232.952084,5,NaN,1232.957837041,1232.976432166,1234.503138166,NaN,NaN
