sub_num,trial,block,task,is_practice,category,image,texture,duration,mask_dur,jitter,stim_time,time_of_resp,trial_response,mask_time,fix_time,jit_onset,trial_end,trial_accuracy,RT
102,1,0,usability,1,bathroom,bathroom_practice3.tif,223,1.5,0,0.983333333333333,19433.112419833,19438.4382135,6,NaN,19438.444924208,19438.463885375,19439.440612416,NaN,NaN
102,2,0,usability,1,bathroom,bathroom_practice4.tif,224,1.5,0,1.78333333333333,19439.445911875,19444.078363416,7,NaN,19444.084433416,19444.102941708,19445.879795791,NaN,NaN
102,3,0,usability,1,bathroom,bathroom_practice5.tif,225,1.5,0,1.78333333333333,19445.896208291,19448.675704041,7,NaN,19448.70500125,19448.728271125,19450.504989625,NaN,NaN
102,4,0,usability,1,bathroom,bathroom_practice2.tif,222,1.5,0,1.26666666666667,19450.525870666,19456.126880125,2,NaN,19456.13252725,19456.150905333,19457.410959666,NaN,NaN
102,5,0,usability,1,bathroom,bathroom_practice1.tif,221,1.5,0,1.05,19457.430428208,19461.734068208,7,NaN,19461.73996175,19461.75837625,19462.801753125,NaN,NaN
