sub_num,trial,block,task,is_practice,category,image,texture,duration,mask_dur,jitter,stim_time,time_of_resp,trial_response,mask_time,fix_time,jit_onset,trial_end,trial_accuracy,RT
115,6,0,usability,1,kitchen,kitchen_practice2.tif,227,1.5,0,1.13333333333333,13757.471767209,13761.36113,4,NaN,13761.366952667,13761.385449667,13762.512163875,NaN,NaN
115,7,0,usability,1,kitchen,kitchen_practice3.tif,228,1.5,0,0.933333333333333,13762.522664959,13765.577239875,4,NaN,13765.583034042,13765.601421792,13766.528093167,NaN,NaN
115,8,0,usability,1,kitchen,kitchen_practice1.tif,226,1.5,0,1.48333333333333,13766.532416792,13769.737115542,6,NaN,13769.743954,13769.762474042,13771.239192459,NaN,NaN
115,9,0,usability,1,kitchen,kitchen_practice4.tif,229,1.5,0,1.33333333333333,13771.258627084,13774.209835584,6,NaN,13774.215307084,13774.233681209,13775.560398542,NaN,NaN
115,10,0,usability,1,kitchen,kitchen_practice5.tif,230,1.5,0,1.3,13775.579738125,13778.521119834,5,NaN,13778.527100417,13778.545513167,13779.838893459,NaN,NaN
