sub_num,trial,block,task,is_practice,category,image,texture,duration,mask_dur,jitter,stim_time,time_of_resp,trial_response,mask_time,fix_time,jit_onset,trial_end,trial_accuracy,RT
131,1,0,complexity,1,bathroom,bathroom_practice3.tif,223,1.5,0,1.56666666666667,12215.323533708,12219.180618041,4,NaN,12219.186404666,12219.204801291,12220.764875208,NaN,NaN
131,2,0,complexity,1,bathroom,bathroom_practice5.tif,225,1.5,0,1.1,12220.78396125,12224.252976416,3,NaN,12224.258641,12224.277039833,12225.370450083,NaN,NaN
131,3,0,complexity,1,bathroom,bathroom_practice2.tif,222,1.5,0,1.51666666666667,12225.378691083,12228.076942458,7,NaN,12228.082554791,12228.100907083,12229.610978375,NaN,NaN
131,4,0,complexity,1,bathroom,bathroom_practice4.tif,224,1.5,0,1.15,12229.628134083,12232.700725958,5,NaN,12232.706604166,12232.725178458,12233.868579958,NaN,NaN
131,5,0,complexity,1,bathroom,bathroom_practice1.tif,221,1.5,0,1.26666666666667,12233.878417791,12237.028828833,1,NaN,12237.034598083,12237.052997125,12238.313099541,NaN,NaN
