sub_num,trial,block,task,is_practice,category,image,texture,duration,mask_dur,jitter,stim_time,time_of_resp,trial_response,mask_time,fix_time,jit_onset,trial_end,trial_accuracy,RT
101,6,0,familiarity,1,kitchen,kitchen_practice2.tif,227,1.5,0,0.733333333333333,3594.88445525,3599.024350625,7,NaN,3599.044757791,3599.072426875,3599.797535125,NaN,4.13989537499992
101,7,0,familiarity,1,kitchen,kitchen_practice3.tif,228,1.5,0,1.3,3599.806001708,3602.482418791,4,NaN,3602.520240791,3602.538015291,3603.829954541,NaN,2.67641708299971
101,8,0,familiarity,1,kitchen,kitchen_practice1.tif,226,1.5,0,2,3603.848281583,3606.991922833,6,NaN,3606.998549125,3607.001192208,3608.992953833,NaN,3.1436412500002
101,9,0,familiarity,1,kitchen,kitchen_practice5.tif,230,1.5,0,1.81666666666667,3609.004568833,3612.060298083,5,NaN,3612.077092833,3612.080340916,3613.888740125,NaN,3.05572924999979
101,10,0,familiarity,1,kitchen,kitchen_practice4.tif,229,1.5,0,0.75,3613.916506625,3617.179238833,2,NaN,3617.216071458,3617.223350375,3617.965024208,NaN,3.26273220800022
