sub_num,trial,block,task,is_practice,category,image,texture,duration,mask_dur,jitter,stim_time,time_of_resp,trial_response,mask_time,fix_time,jit_onset,trial_end,trial_accuracy,RT
101,6,0,typicality,1,kitchen,kitchen_practice2.tif,227,1.5,0,0.966666666666667,2587.683307166,2594.212069375,4,NaN,2594.245694791,2594.255589791,2595.213972,NaN,6.52876220899998
101,7,0,typicality,1,kitchen,kitchen_practice5.tif,230,1.5,0,1.58333333333333,2595.223811458,2606.292737208,7,NaN,2606.313322041,2606.317706708,2607.893057416,NaN,11.0689257499998
101,8,0,typicality,1,kitchen,kitchen_practice1.tif,226,1.5,0,1.03333333333333,2607.921808125,2610.684692833,3,NaN,2610.700608125,2610.7033025,2611.728483041,NaN,2.762884708
101,9,0,typicality,1,kitchen,kitchen_practice4.tif,229,1.5,0,1.68333333333333,2611.745033791,2614.740695333,3,NaN,2614.75190075,2614.754446791,2616.429777666,NaN,2.99566154200011
101,10,0,typicality,1,kitchen,kitchen_practice3.tif,228,1.5,0,1.45,2616.470274291,2619.492217583,3,NaN,2619.516091958,2619.519894333,2620.962377333,NaN,3.02194329200029
