sub_num,trial,block,task,is_practice,category,image,texture,duration,mask_dur,jitter,stim_time,time_of_resp,trial_response,mask_time,fix_time,jit_onset,trial_end,trial_accuracy,RT
101,1,0,aesthetic,1,bathroom,bathroom_practice1.tif,221,1.5,0,1.6,3665.237808083,3669.015669083,2,NaN,3669.036093291,3669.047309333,3670.640100875,NaN,NaN
101,2,0,aesthetic,1,bathroom,bathroom_practice2.tif,222,1.5,0,1.26666666666667,3670.691974541,3673.612360958,7,NaN,3673.655247833,3673.67477225,3674.933345,NaN,NaN
101,3,0,aesthetic,1,bathroom,bathroom_practice3.tif,223,1.5,0,1.15,3674.950007166,3677.912019416,5,NaN,3677.918799458,3677.921399083,3679.063121208,NaN,NaN
101,4,0,aesthetic,1,bathroom,bathroom_practice4.tif,224,1.5,0,1.75,3679.071544458,3682.335699083,6,NaN,3682.341748333,3682.344364125,3684.086107166,NaN,NaN
101,5,0,aesthetic,1,bathroom,bathroom_practice5.tif,225,1.5,0,0.85,3684.115161916,3687.038382833,3,NaN,3687.070542333,3687.075463041,3687.917141583,NaN,NaN
