sub_num,trial,block,task,is_practice,category,image,texture,duration,mask_dur,jitter,stim_time,time_of_resp,trial_response,mask_time,fix_time,jit_onset,trial_end,trial_accuracy,RT
101,1,0,aesthetic,1,bathroom,bathroom_practice1.tif,221,1.5,0,1.6,1381.897334166,1387.309393041,4,NaN,1387.315345916,1387.333641041,1388.927027875,NaN,NaN
101,2,0,aesthetic,1,bathroom,bathroom_practice2.tif,222,1.5,0,1.26666666666667,1388.944185666,1391.550028375,1,NaN,1391.555536041,1391.573951875,1392.834001333,NaN,NaN
101,3,0,aesthetic,1,bathroom,bathroom_practice3.tif,223,1.5,0,1.15,1392.849744833,1397.493993166,4,NaN,1397.499531333,1397.517786,1398.661177416,NaN,NaN
101,4,0,aesthetic,1,bathroom,bathroom_practice4.tif,224,1.5,0,1.75,1398.671204041,1404.053783833,4,NaN,1404.059698916,1404.07903375,1405.822426333,NaN,NaN
101,5,0,aesthetic,1,bathroom,bathroom_practice5.tif,225,1.5,0,0.85,1405.838986083,1409.806175791,4,NaN,1409.811579791,1409.829774,1410.673113333,NaN,NaN
