sub_num,trial,block,task,is_practice,category,image,texture,duration,mask_dur,jitter,stim_time,time_of_resp,trial_response,mask_time,fix_time,jit_onset,trial_end,trial_accuracy,RT
115,1,0,aesthetic,1,bathroom,bathroom_practice1.tif,221,1.5,0,1.6,11840.348802,11846.960444959,4,NaN,11846.967621125,11846.986325834,11848.580127375,NaN,NaN
115,2,0,aesthetic,1,bathroom,bathroom_practice2.tif,222,1.5,0,1.26666666666667,11848.603419667,11852.824328334,3,NaN,11852.830424459,11852.848944542,11854.109135667,NaN,NaN
115,3,0,aesthetic,1,bathroom,bathroom_practice3.tif,223,1.5,0,1.15,11854.125984084,11857.569343542,4,NaN,11857.57501875,11857.593453334,11858.73682525,NaN,NaN
115,4,0,aesthetic,1,bathroom,bathroom_practice4.tif,224,1.5,0,1.75,11858.747058834,11863.84912925,5,NaN,11863.854615792,11863.873068209,11865.616444459,NaN,NaN
115,5,0,aesthetic,1,bathroom,bathroom_practice5.tif,225,1.5,0,0.85,11865.637332542,11869.601065459,4,NaN,11869.606554459,11869.62503525,11870.468374542,NaN,NaN
