sub_num,trial,block,task,is_practice,category,image,texture,duration,mask_dur,jitter,stim_time,time_of_resp,trial_response,mask_time,fix_time,jit_onset,trial_end,trial_accuracy,RT
101,1,0,familiarity,1,bathroom,bathroom_practice1.tif,221,1.5,0,0.916666666666667,1092.43122825,1099.047398291,5,NaN,1099.053420958,1099.071866916,1099.981871125,NaN,NaN
101,2,0,familiarity,1,bathroom,bathroom_practice2.tif,222,1.5,0,0.85,1099.987131,1106.05492125,1,NaN,1106.061900375,1106.081835791,1106.925174541,NaN,NaN
101,3,0,familiarity,1,bathroom,bathroom_practice3.tif,223,1.5,0,0.883333333333333,1106.930691333,1110.182951416,6,NaN,1110.18855525,1110.206931208,1111.083602375,NaN,NaN
101,4,0,familiarity,1,bathroom,bathroom_practice5.tif,225,1.5,0,1.43333333333333,1111.089016375,1115.807147333,4,NaN,1115.81270925,1115.830973875,1117.25768175,NaN,NaN
101,5,0,familiarity,1,bathroom,bathroom_practice4.tif,224,1.5,0,1.53333333333333,1117.275505083,1120.278692333,5,NaN,1120.2845765,1120.302872041,1121.829592041,NaN,NaN
