sub_num,trial,block,task,is_practice,category,image,texture,duration,mask_dur,jitter,stim_time,time_of_resp,trial_response,mask_time,fix_time,jit_onset,trial_end,trial_accuracy,RT
113,1,0,complexity,1,bathroom,bathroom_practice3.tif,223,1.5,0,1.56666666666667,1752.429259416,1755.681268375,5,NaN,1755.686947916,1755.705236458,1757.265293041,NaN,NaN
113,2,0,complexity,1,bathroom,bathroom_practice5.tif,225,1.5,0,1.1,1757.283073541,1768.017618333,5,NaN,1768.023387375,1768.041722041,1769.135095333,NaN,NaN
113,3,0,complexity,1,bathroom,bathroom_practice2.tif,222,1.5,0,1.51666666666667,1769.1435055,1771.993156,7,NaN,1771.998777208,1772.017225,1773.52726575,NaN,NaN
113,4,0,complexity,1,bathroom,bathroom_practice4.tif,224,1.5,0,1.15,1773.537544041,1777.600721375,2,NaN,1777.6064565,1777.624725916,1778.768101666,NaN,NaN
113,5,0,complexity,1,bathroom,bathroom_practice1.tif,221,1.5,0,1.26666666666667,1778.777796166,1782.633657541,1,NaN,1782.639144541,1782.65742475,1783.917457958,NaN,NaN
