sub_num,trial,block,task,is_practice,category,image,texture,duration,mask_dur,jitter,stim_time,time_of_resp,trial_response,mask_time,fix_time,jit_onset,trial_end,trial_accuracy,RT
123,6,0,usability,1,kitchen,kitchen_practice2.tif,227,1.5,0,1.13333333333333,3971.363918458,3974.92903925,2,NaN,3974.934917833,3974.953166125,3976.079923958,NaN,NaN
123,7,0,usability,1,kitchen,kitchen_practice3.tif,228,1.5,0,0.933333333333333,3976.0889795,3979.201096125,7,NaN,3979.206486958,3979.225341333,3980.152013791,NaN,NaN
123,8,0,usability,1,kitchen,kitchen_practice1.tif,226,1.5,0,1.48333333333333,3980.15640325,3983.49614525,5,NaN,3983.5022765,3983.520771875,3984.99749625,NaN,NaN
123,9,0,usability,1,kitchen,kitchen_practice4.tif,229,1.5,0,1.33333333333333,3985.015388541,3987.840405,6,NaN,3987.845963791,3987.864321416,3989.191078958,NaN,NaN
123,10,0,usability,1,kitchen,kitchen_practice5.tif,230,1.5,0,1.3,3989.211846666,3992.776152666,6,NaN,3992.781906541,3992.800410208,3994.093821833,NaN,NaN
