sub_num,trial,block,task,is_practice,category,image,texture,duration,mask_dur,jitter,stim_time,time_of_resp,trial_response,mask_time,fix_time,jit_onset,trial_end,trial_accuracy,RT
113,1,0,typicality,1,bathroom,bathroom_practice2.tif,222,1.5,0,1.48333333333333,410.573149541,417.975528916,2,NaN,417.99771275,418.018092958,419.494957916,NaN,NaN
113,2,0,typicality,1,bathroom,bathroom_practice4.tif,224,1.5,0,0.75,419.541711333,428.27162525,4,NaN,428.281614166,428.300451958,429.043796958,NaN,NaN
113,3,0,typicality,1,bathroom,bathroom_practice1.tif,221,1.5,0,1.93333333333333,429.049835833,434.023448333,4,NaN,434.030968541,434.049819666,435.976676083,NaN,NaN
113,4,0,typicality,1,bathroom,bathroom_practice5.tif,225,1.5,0,0.983333333333333,436.013335666,441.687565416,4,NaN,441.695371625,441.714162875,442.69084075,NaN,NaN
113,5,0,typicality,1,bathroom,bathroom_practice3.tif,223,1.5,0,0.883333333333333,442.698384,447.519490541,3,NaN,447.529716333,447.549232,448.425979416,NaN,NaN
