sub_num,trial,block,task,is_practice,category,image,texture,duration,mask_dur,jitter,stim_time,time_of_resp,trial_response,mask_time,fix_time,jit_onset,trial_end,trial_accuracy,RT
122,1,0,familiarity,1,bathroom,bathroom_practice1.tif,221,1.5,0,0.916666666666667,1507.685158208,1518.193318291,6,NaN,1518.199086083,1518.217505875,1519.127510375,NaN,NaN
122,2,0,familiarity,1,bathroom,bathroom_practice2.tif,222,1.5,0,0.85,1519.13208375,1522.569275625,1,NaN,1522.575195166,1522.593540458,1523.436878166,NaN,NaN
122,3,0,familiarity,1,bathroom,bathroom_practice3.tif,223,1.5,0,0.883333333333333,1523.441434958,1528.209279583,3,NaN,1528.214825208,1528.233303916,1529.109975708,NaN,NaN
122,4,0,familiarity,1,bathroom,bathroom_practice5.tif,225,1.5,0,1.43333333333333,1529.114364375,1533.800755583,4,NaN,1533.806491916,1533.824794208,1535.25150575,NaN,NaN
122,5,0,familiarity,1,bathroom,bathroom_practice4.tif,224,1.5,0,1.53333333333333,1535.27194875,1539.921660916,4,NaN,1539.927074416,1539.9453855,1541.472085541,NaN,NaN
