sub_num,trial,block,task,is_practice,category,image,texture,duration,mask_dur,jitter,stim_time,time_of_resp,trial_response,mask_time,fix_time,jit_onset,trial_end,trial_accuracy,RT
104,1,0,usability,1,bathroom,bathroom_practice3.tif,223,1.5,0,0.983333333333333,2060.85767725,2065.121459625,2,NaN,2065.127988666,2065.14675075,2066.123480833,NaN,NaN
104,2,0,usability,1,bathroom,bathroom_practice4.tif,224,1.5,0,1.78333333333333,2066.128573375,2069.954091166,3,NaN,2069.959760708,2069.978259458,2071.755094083,NaN,NaN
104,3,0,usability,1,bathroom,bathroom_practice5.tif,225,1.5,0,1.78333333333333,2071.775268083,2075.569876666,3,NaN,2075.575240875,2075.5937325,2077.370448916,NaN,NaN
104,4,0,usability,1,bathroom,bathroom_practice2.tif,222,1.5,0,1.26666666666667,2077.384694125,2082.809977791,5,NaN,2082.815683625,2082.833912208,2084.09396525,NaN,NaN
104,5,0,usability,1,bathroom,bathroom_practice1.tif,221,1.5,0,1.05,2084.10979,2089.049139666,2,NaN,2089.054926625,2089.073311,2090.116712416,NaN,NaN
