sub_num,trial,block,task,is_practice,category,image,texture,duration,mask_dur,jitter,stim_time,time_of_resp,trial_response,mask_time,fix_time,jit_onset,trial_end,trial_accuracy,RT
102,6,0,aesthetic,1,kitchen,kitchen_practice2.tif,227,1.5,0,1.08333333333333,20797.546461541,20801.929260625,4,NaN,20801.935229666,20801.953658833,20803.030396333,NaN,NaN
102,7,0,aesthetic,1,kitchen,kitchen_practice1.tif,226,1.5,0,1.06666666666667,20803.049732708,20805.768589708,2,NaN,20805.7743375,20805.792693583,20806.85278275,NaN,NaN
102,8,0,aesthetic,1,kitchen,kitchen_practice4.tif,229,1.5,0,1.11666666666667,20806.863770166,20810.712664166,4,NaN,20810.718374166,20810.736724125,20811.846820875,NaN,NaN
102,9,0,aesthetic,1,kitchen,kitchen_practice3.tif,228,1.5,0,0.95,20811.857712958,20816.056458916,3,NaN,20816.062439791,20816.080897875,20817.024242416,NaN,NaN
102,10,0,aesthetic,1,kitchen,kitchen_practice5.tif,230,1.5,0,0.9,20817.028774458,20820.129071833,2,NaN,20820.135204291,20820.153698375,20821.047040833,NaN,NaN
