sub_num,trial,block,task,is_practice,category,image,texture,duration,mask_dur,jitter,stim_time,time_of_resp,trial_response,mask_time,fix_time,jit_onset,trial_end,trial_accuracy,RT
105,6,0,familiarity,1,kitchen,kitchen_practice2.tif,227,1.5,0,0.733333333333333,17620.004951708,17624.389021417,4,NaN,17624.395963,17624.414192625,17625.14087,NaN,NaN
105,7,0,familiarity,1,kitchen,kitchen_practice3.tif,228,1.5,0,1.3,17625.145816792,17629.388976958,5,NaN,17629.394834417,17629.413179792,17630.706559125,NaN,NaN
105,8,0,familiarity,1,kitchen,kitchen_practice1.tif,226,1.5,0,2,17630.726313208,17633.421137583,4,NaN,17633.426939,17633.44525775,17635.438673167,NaN,NaN
105,9,0,familiarity,1,kitchen,kitchen_practice5.tif,230,1.5,0,1.81666666666667,17635.458642417,17638.788585917,3,NaN,17638.79502675,17638.813259042,17640.623303833,NaN,NaN
105,10,0,familiarity,1,kitchen,kitchen_practice4.tif,229,1.5,0,0.75,17640.634999958,17643.47645075,4,NaN,17643.507013708,17643.530148792,17644.273489875,NaN,NaN
