sub_num,trial,block,task,is_practice,category,image,texture,duration,mask_dur,jitter,stim_time,time_of_resp,trial_response,mask_time,fix_time,jit_onset,trial_end,trial_accuracy,RT
137,6,0,familiarity,1,kitchen,kitchen_practice2.tif,227,1.5,0,0.733333333333333,2815.567009291,2819.535563458,1,NaN,2819.541240166,2819.559648916,2820.28631975,NaN,NaN
137,7,0,familiarity,1,kitchen,kitchen_practice3.tif,228,1.5,0,1.3,2820.290865458,2823.575423166,3,NaN,2823.581118958,2823.599397541,2824.892784666,NaN,NaN
137,8,0,familiarity,1,kitchen,kitchen_practice1.tif,226,1.5,0,2,2824.912161625,2830.447157708,2,NaN,2830.453832041,2830.472224541,2832.465599291,NaN,NaN
137,9,0,familiarity,1,kitchen,kitchen_practice5.tif,230,1.5,0,1.81666666666667,2832.484083125,2839.736187,3,NaN,2839.742304166,2839.760674166,2841.570713583,NaN,NaN
137,10,0,familiarity,1,kitchen,kitchen_practice4.tif,229,1.5,0,0.75,2841.586208458,2872.527862583,1,NaN,2872.533519458,2872.5519025,2873.295241625,NaN,NaN
