sub_num,trial,block,task,is_practice,category,image,texture,duration,mask_dur,jitter,stim_time,time_of_resp,trial_response,mask_time,fix_time,jit_onset,trial_end,trial_accuracy,RT
105,6,0,aesthetic,1,kitchen,kitchen_practice2.tif,227,1.5,0,1.08333333333333,17891.9238565,17895.395893542,3,NaN,17895.401906375,17895.420612458,17896.497358375,NaN,NaN
105,7,0,aesthetic,1,kitchen,kitchen_practice1.tif,226,1.5,0,1.06666666666667,17896.507905125,17899.180644292,3,NaN,17899.186572917,17899.2048695,17900.264947833,NaN,NaN
105,8,0,aesthetic,1,kitchen,kitchen_practice4.tif,229,1.5,0,1.11666666666667,17900.275799625,17902.988380167,4,NaN,17902.994368875,17903.012785417,17904.122865417,NaN,NaN
105,9,0,aesthetic,1,kitchen,kitchen_practice3.tif,228,1.5,0,0.95,17904.132619083,17907.276309375,6,NaN,17907.28202825,17907.300491583,17908.243832208,NaN,NaN
105,10,0,aesthetic,1,kitchen,kitchen_practice5.tif,230,1.5,0,0.9,17908.248205667,17911.452402208,3,NaN,17911.458231542,17911.476466333,17912.369809958,NaN,NaN
