sub_num,trial,block,task,is_practice,category,image,texture,duration,mask_dur,jitter,stim_time,time_of_resp,trial_response,mask_time,fix_time,jit_onset,trial_end,trial_accuracy,RT
134,1,0,complexity,1,bathroom,bathroom_practice3.tif,223,1.5,0,1.56666666666667,17002.303320584,17005.114707875,3,NaN,17005.143322584,17005.166427209,17006.726465209,NaN,NaN
134,2,0,complexity,1,bathroom,bathroom_practice5.tif,225,1.5,0,1.1,17006.7482975,17013.77776825,6,NaN,17013.783345625,17013.801716542,17014.895104375,NaN,NaN
134,3,0,complexity,1,bathroom,bathroom_practice2.tif,222,1.5,0,1.51666666666667,17014.902949167,17017.304952709,7,NaN,17017.310888917,17017.329009417,17018.839062125,NaN,NaN
134,4,0,complexity,1,bathroom,bathroom_practice4.tif,224,1.5,0,1.15,17018.856926209,17022.185096042,2,NaN,17022.190915667,17022.209210959,17023.35258675,NaN,NaN
134,5,0,complexity,1,bathroom,bathroom_practice1.tif,221,1.5,0,1.26666666666667,17023.360853417,17026.177232167,1,NaN,17026.182728875,17026.201008792,17027.461046542,NaN,NaN
