sub_num,trial,block,task,is_practice,category,image,texture,duration,mask_dur,jitter,stim_time,time_of_resp,trial_response,mask_time,fix_time,jit_onset,trial_end,trial_accuracy,RT
131,6,0,familiarity,1,kitchen,kitchen_practice2.tif,227,1.5,0,0.733333333333333,12896.394642833,12900.338775625,1,NaN,12900.344383,12900.362626916,12901.0893045,NaN,NaN
131,7,0,familiarity,1,kitchen,kitchen_practice3.tif,228,1.5,0,1.3,12901.095489583,12903.794920208,6,NaN,12903.8240985,12903.847385291,12905.140811458,NaN,NaN
131,8,0,familiarity,1,kitchen,kitchen_practice1.tif,226,1.5,0,2,12905.1603795,12908.058616458,2,NaN,12908.06430825,12908.082688208,12910.076083583,NaN,NaN
131,9,0,familiarity,1,kitchen,kitchen_practice5.tif,230,1.5,0,1.81666666666667,12910.098288125,12913.282705541,1,NaN,12913.309294375,12913.330028666,12915.140065458,NaN,NaN
131,10,0,familiarity,1,kitchen,kitchen_practice4.tif,229,1.5,0,0.75,12915.154372208,12918.433809833,3,NaN,12918.463508083,12918.485681166,12919.229023166,NaN,NaN
