sub_num,trial,block,task,is_practice,category,image,texture,duration,mask_dur,jitter,stim_time,time_of_resp,trial_response,mask_time,fix_time,jit_onset,trial_end,trial_accuracy,RT
115,1,0,usability,1,bathroom,bathroom_practice3.tif,223,1.5,0,0.983333333333333,12146.669382667,12151.424248042,5,NaN,12151.429898042,12151.448629375,12152.425321209,NaN,NaN
115,2,0,usability,1,bathroom,bathroom_practice4.tif,224,1.5,0,1.78333333333333,12152.430402417,12157.583376709,5,NaN,12157.589425084,12157.607793334,12159.384502959,NaN,NaN
115,3,0,usability,1,bathroom,bathroom_practice5.tif,225,1.5,0,1.78333333333333,12159.402103917,12164.463823167,4,NaN,12164.46937975,12164.487835917,12166.264534625,NaN,NaN
115,4,0,usability,1,bathroom,bathroom_practice2.tif,222,1.5,0,1.26666666666667,12166.285304709,12173.520116209,4,NaN,12173.525758459,12173.544295084,12174.804325417,NaN,NaN
115,5,0,usability,1,bathroom,bathroom_practice1.tif,221,1.5,0,1.05,12174.818872292,12178.183298084,3,NaN,12178.189054792,12178.207595209,12179.250973834,NaN,NaN
