sub_num,trial,block,task,is_practice,category,image,texture,duration,mask_dur,jitter,stim_time,time_of_resp,trial_response,mask_time,fix_time,jit_onset,trial_end,trial_accuracy,RT
102,1,0,complexity,1,bathroom,bathroom_practice3.tif,223,1.5,0,1.56666666666667,19827.900816291,19833.660299291,3,NaN,19833.667103291,19833.685825125,19835.246025541,NaN,NaN
102,2,0,complexity,1,bathroom,bathroom_practice5.tif,225,1.5,0,1.1,19835.264616291,19839.381226916,6,NaN,19839.386699458,19839.405251541,19840.498621625,NaN,NaN
102,3,0,complexity,1,bathroom,bathroom_practice2.tif,222,1.5,0,1.51666666666667,19840.509432041,19843.925292958,7,NaN,19843.931052291,19843.9494785,19845.459511875,NaN,NaN
102,4,0,complexity,1,bathroom,bathroom_practice4.tif,224,1.5,0,1.15,19845.474310625,19848.988604083,1,NaN,19848.994699166,19849.013120083,19850.156485666,NaN,NaN
102,5,0,complexity,1,bathroom,bathroom_practice1.tif,221,1.5,0,1.26666666666667,19850.167601875,19853.045007875,1,NaN,19853.050404208,19853.068799208,19854.328833458,NaN,NaN
