sub_num,trial,block,task,is_practice,category,image,texture,duration,mask_dur,jitter,stim_time,time_of_resp,trial_response,mask_time,fix_time,jit_onset,trial_end,trial_accuracy,RT
124,6,0,usability,1,kitchen,kitchen_practice2.tif,227,1.5,0,1.13333333333333,8597.526221458,8601.193656833,6,NaN,8601.1993015,8601.217531292,8602.344255708,NaN,NaN
124,7,0,usability,1,kitchen,kitchen_practice3.tif,228,1.5,0,0.933333333333333,8602.354767583,8605.968694333,7,NaN,8605.974636917,8605.992881917,8606.919555375,NaN,NaN
124,8,0,usability,1,kitchen,kitchen_practice1.tif,226,1.5,0,1.48333333333333,8606.937234833,8609.925205708,6,NaN,8609.952657958,8609.974288292,8611.4510445,NaN,NaN
124,9,0,usability,1,kitchen,kitchen_practice4.tif,229,1.5,0,1.33333333333333,8611.470009833,8614.152815083,5,NaN,8614.158545292,8614.176931333,8615.503660708,NaN,NaN
124,10,0,usability,1,kitchen,kitchen_practice5.tif,230,1.5,0,1.3,8615.520494083,8618.432842417,4,NaN,8618.4385975,8618.456791,8619.75018275,NaN,NaN
