sub_num,trial,block,task,is_practice,category,image,texture,duration,mask_dur,jitter,stim_time,time_of_resp,trial_response,mask_time,fix_time,jit_onset,trial_end,trial_accuracy,RT
105,6,0,typicality,1,kitchen,kitchen_practice2.tif,227,1.5,0,0.966666666666667,17322.465539875,17326.934634917,3,NaN,17326.957142375,17326.978052583,17327.9381565,NaN,NaN
105,7,0,typicality,1,kitchen,kitchen_practice5.tif,230,1.5,0,1.58333333333333,17327.948768208,17330.751811,3,NaN,17330.804519042,17330.831086333,17332.407967583,NaN,NaN
105,8,0,typicality,1,kitchen,kitchen_practice1.tif,226,1.5,0,1.03333333333333,17332.433808292,17335.525645167,4,NaN,17335.55911275,17335.582937667,17336.609695917,NaN,NaN
105,9,0,typicality,1,kitchen,kitchen_practice4.tif,229,1.5,0,1.68333333333333,17336.630132125,17341.206456417,4,NaN,17341.213496417,17341.231891958,17342.908626167,NaN,NaN
105,10,0,typicality,1,kitchen,kitchen_practice3.tif,228,1.5,0,1.45,17342.941356667,17346.370282542,4,NaN,17346.4188225,17346.439316375,17347.882739417,NaN,NaN
