sub_num,trial,block,task,is_practice,category,image,texture,duration,mask_dur,jitter,stim_time,time_of_resp,trial_response,mask_time,fix_time,jit_onset,trial_end,trial_accuracy,RT
123,6,0,familiarity,1,kitchen,kitchen_practice2.tif,227,1.5,0,0.733333333333333,3165.054396708,3168.90757175,2,NaN,3168.913383041,3168.931700666,3169.658375083,NaN,NaN
123,7,0,familiarity,1,kitchen,kitchen_practice3.tif,228,1.5,0,1.3,3169.66362075,3172.628381083,6,NaN,3172.657519708,3172.6805145,3173.973930291,NaN,NaN
123,8,0,familiarity,1,kitchen,kitchen_practice1.tif,226,1.5,0,2,3173.991469416,3176.372180875,1,NaN,3176.377784458,3176.396182291,3178.389599041,NaN,NaN
123,9,0,familiarity,1,kitchen,kitchen_practice5.tif,230,1.5,0,1.81666666666667,3178.400115416,3182.307283833,5,NaN,3182.313198791,3182.33138,3184.141481,NaN,NaN
123,10,0,familiarity,1,kitchen,kitchen_practice4.tif,229,1.5,0,0.75,3184.159737083,3187.636307083,6,NaN,3187.645571541,3187.664701125,3188.408043208,NaN,NaN
