sub_num,trial,block,task,is_practice,category,image,texture,duration,mask_dur,jitter,stim_time,time_of_resp,trial_response,mask_time,fix_time,jit_onset,trial_end,trial_accuracy,RT
102,6,0,complexity,1,kitchen,kitchen_practice5.tif,230,1.5,0,1.46666666666667,21372.541378625,21377.422419458,3,NaN,21377.428149375,21377.446688291,21378.906786,NaN,NaN
102,7,0,complexity,1,kitchen,kitchen_practice2.tif,227,1.5,0,1.31666666666667,21378.927419666,21382.918814583,7,NaN,21382.924433458,21382.942827541,21384.252901125,NaN,NaN
102,8,0,complexity,1,kitchen,kitchen_practice4.tif,229,1.5,0,1.76666666666667,21384.272347,21387.005944791,5,NaN,21387.011837375,21387.03026825,21388.790364125,NaN,NaN
102,9,0,complexity,1,kitchen,kitchen_practice1.tif,226,1.5,0,0.816666666666667,21388.809324583,21393.766941791,4,NaN,21393.772363125,21393.790674375,21394.600682708,NaN,NaN
102,10,0,complexity,1,kitchen,kitchen_practice3.tif,228,1.5,0,0.9,21394.605404625,21397.69006175,4,NaN,21397.710750875,21397.731086416,21398.624429416,NaN,NaN
