sub_num,trial,block,task,is_practice,category,image,texture,duration,mask_dur,jitter,stim_time,time_of_resp,trial_response,mask_time,fix_time,jit_onset,trial_end,trial_accuracy,RT
122,1,0,complexity,1,bathroom,bathroom_practice3.tif,223,1.5,0,1.56666666666667,2609.173273916,2617.062359375,3,NaN,2617.06906775,2617.087758166,2618.647793375,NaN,NaN
122,2,0,complexity,1,bathroom,bathroom_practice5.tif,225,1.5,0,1.1,2618.6672225,2621.374671625,5,NaN,2621.379947875,2621.398393416,2622.4917765,NaN,NaN
122,3,0,complexity,1,bathroom,bathroom_practice2.tif,222,1.5,0,1.51666666666667,2622.501028416,2625.494605375,7,NaN,2625.499829791,2625.518172416,2627.028207375,NaN,NaN
122,4,0,complexity,1,bathroom,bathroom_practice4.tif,224,1.5,0,1.15,2627.046808791,2632.558137041,4,NaN,2632.563749333,2632.582181875,2633.725562666,NaN,NaN
122,5,0,complexity,1,bathroom,bathroom_practice1.tif,221,1.5,0,1.26666666666667,2633.735965083,2638.133624875,2,NaN,2638.139416083,2638.157692625,2639.417745625,NaN,NaN
