sub_num,trial,block,task,is_practice,category,image,texture,duration,mask_dur,jitter,stim_time,time_of_resp,trial_response,mask_time,fix_time,jit_onset,trial_end,trial_accuracy,RT
125,6,0,aesthetic,1,kitchen,kitchen_practice2.tif,227,1.5,0,1.08333333333333,2727.755821291,2731.08068725,7,NaN,2731.086684958,2731.104816833,2732.181550833,NaN,NaN
125,7,0,aesthetic,1,kitchen,kitchen_practice1.tif,226,1.5,0,1.06666666666667,2732.190164375,2735.17687775,6,NaN,2735.182652875,2735.200989916,2736.261088125,NaN,NaN
125,8,0,aesthetic,1,kitchen,kitchen_practice4.tif,229,1.5,0,1.11666666666667,2736.271813791,2738.937656208,6,NaN,2738.943324375,2738.961575,2740.07165875,NaN,NaN
125,9,0,aesthetic,1,kitchen,kitchen_practice3.tif,228,1.5,0,0.95,2740.081117166,2744.488908541,7,NaN,2744.494619791,2744.512977125,2745.456318,NaN,NaN
125,10,0,aesthetic,1,kitchen,kitchen_practice5.tif,230,1.5,0,0.9,2745.460976583,2748.889144458,4,NaN,2748.894723583,2748.913104375,2749.806446416,NaN,NaN
